stage,stage_label,scenario_id,scenario_label,attack_ratio,num_runs,Q_phy_mean,Q_phy_std,Q_comm_mean,Q_comm_std,Q_mis_mean,Q_mis_std,Q_overall_mean,Q_overall_std,alive_nodes_mean,alive_nodes_std,phy_edges_mean,phy_edges_std,comm_edges_mean,comm_edges_std,mis_edges_mean,mis_edges_std,valid_paths_mean,valid_paths_std,attacked_count_mean,attacked_count_std,jammed_count_mean,jammed_count_std,affected_sensor_count_mean,affected_sensor_count_std,affected_decider_count_mean,affected_decider_count_std,affected_influencer_count_mean,affected_influencer_count_std
recon,侦察阶段（固定 $\Phi=1$）,hard_random,硬杀伤-随机攻击,0.0,5,1.0,0.0,1.0,4.965068306494546e-17,1.0,0.0,1.0,9.930136612989092e-17,100.0,0.0,507.8,18.946239732464065,141.8,6.046486583132389,681.6,22.473095024940378,1006.6,5.083306010855534,0.0,0.0,0.0,0.0,0.0,0.0,0.0,0.0,0.0,0.0
recon,侦察阶段（固定 $\Phi=1$）,hard_random,硬杀伤-随机攻击,0.1,5,0.8608274105299142,0.005501241064448492,0.8826235845485803,0.012777215965945526,0.9163598676759506,0.12852269899373883,0.8866036209181484,0.039891360391787305,90.0,0.0,409.4,19.48948434412773,126.4,12.815615474880634,547.8,23.92822601030005,916.0,134.42172443470588,10.0,0.0,0.0,0.0,5.0,0.6324555320336759,2.8,0.39999999999999997,2.2,0.7483314773547882
recon,侦察阶段（固定 $\Phi=1$）,hard_random,硬杀伤-随机攻击,0.2,5,0.7239952802218619,0.009586375233267079,0.7620679391517449,0.01722531041990556,0.6750519979257075,0.10887853126456842,0.7203717390997714,0.03380040469897231,80.0,0.0,318.4,12.240914998479484,101.2,4.069397989875161,429.6,18.051038751274124,669.8,112.22548730123653,20.0,0.0,0.0,0.0,9.8,0.7483314773547883,5.8,1.16619037896906,4.4,1.4966629547095764
recon,侦察阶段（固定 $\Phi=1$）,hard_random,硬杀伤-随机攻击,0.3,5,0.5985514173078978,0.015481457129914373,0.637075652118076,0.016934334728151666,0.4269711185560869,0.1440189519551945,0.5541993959940203,0.04959598154602263,70.0,0.0,241.8,17.359723500102184,77.0,10.507140429250958,337.4,32.69005965121508,422.2,148.2840517385467,30.0,0.0,0.0,0.0,15.4,1.9595917942265424,7.6,2.33238075793812,7.0,1.7888543819998317
recon,侦察阶段（固定 $\Phi=1$）,hard_random,硬杀伤-随机攻击,0.4,5,0.4792014503172342,0.011442967659971692,0.5106338911434601,0.03023883032642228,0.22181375319768595,0.05921005992285362,0.4038830315527934,0.02955397677131496,60.0,0.0,176.0,10.714476188783099,52.8,4.749736834815167,240.8,33.98470244095129,215.6,62.669290725202885,40.0,0.0,0.0,0.0,19.6,1.2,11.6,3.2,8.8,2.7856776554368237
recon,侦察阶段（固定 $\Phi=1$）,hard_random,硬杀伤-随机攻击,0.5,5,0.36286178298197835,0.015179256073240013,0.3902813256346068,0.026551190556366948,0.10358736693307806,0.024880574152646134,0.28557682518322114,0.01970953919130437,50.0,0.0,120.6,6.086049621881176,34.2,4.621688003316537,161.0,14.198591479439079,98.6,25.231726060656257,50.0,0.0,0.0,0.0,25.0,1.5491933384829668,14.4,2.5768197453450252,10.6,1.4966629547095764
recon,侦察阶段（固定 $\Phi=1$）,hard_random,硬杀伤-随机攻击,0.6,5,0.24536735452884312,0.02236785284658995,0.2751930706702158,0.02573220937665056,0.04533030132053941,0.01758590793962212,0.18863024217319943,0.0203098759783079,40.0,0.0,76.0,5.692099788303083,21.8,4.354308211415448,99.6,7.552483035399682,42.2,16.216041440499588,60.0,0.0,0.0,0.0,30.0,0.6324555320336759,18.0,1.4142135623730951,12.0,1.2649110640673518
recon,侦察阶段（固定 $\Phi=1$）,hard_random,硬杀伤-随机攻击,0.7,5,0.15376961552996296,0.013512794025139406,0.17244803670075842,0.02418842525870245,0.017316239129527435,0.01270895670827824,0.11451129712008293,0.00863300263480005,30.0,0.0,43.4,4.882622246293481,10.8,4.06939798987516,59.2,6.881860213634101,16.0,12.116104984688768,70.0,0.0,0.0,0.0,34.0,1.0954451150103321,21.0,1.4142135623730951,15.0,0.6324555320336759
recon,侦察阶段（固定 $\Phi=1$）,hard_random,硬杀伤-随机攻击,0.8,5,0.08048093924935334,0.012529716752742628,0.09021715095436988,0.007956544798185658,0.0051703355652027915,0.004410623350156947,0.05862280858964201,0.0077562635213012905,20.0,0.0,18.8,3.709447398198282,5.0,1.0954451150103321,26.2,3.3105890714493698,4.6,4.2708313008125245,80.0,0.0,0.0,0.0,38.6,1.3564659966250538,24.6,1.3564659966250538,16.8,0.39999999999999997
recon,侦察阶段（固定 $\Phi=1$）,hard_random,硬杀伤-随机攻击,0.9,5,0.02433994487869149,0.015431499287327758,0.028824538587918714,0.010455963410024957,0.0,0.0,0.017721494488870067,0.008125178467674469,10.0,0.0,5.0,2.1908902300206643,2.6,1.2000000000000002,7.6,4.079215610874228,0.0,0.0,90.0,0.0,0.0,0.0,43.0,1.2649110640673518,28.4,0.7999999999999999,18.6,1.2
recon,侦察阶段（固定 $\Phi=1$）,hard_random,硬杀伤-随机攻击,1.0,5,0.0,0.0,0.0,0.0,0.0,0.0,0.0,0.0,0.0,0.0,0.0,0.0,0.0,0.0,0.0,0.0,0.0,0.0,100.0,0.0,0.0,0.0,50.0,0.0,30.0,0.0,20.0,0.0
recon,侦察阶段（固定 $\Phi=1$）,hard_role_decider,硬杀伤-角色导向(D→拓扑),0.0,5,1.0,0.0,1.0,4.965068306494546e-17,1.0,0.0,1.0,9.930136612989092e-17,100.0,0.0,507.8,18.946239732464065,141.8,6.046486583132389,681.6,22.473095024940378,1006.6,5.083306010855534,0.0,0.0,0.0,0.0,0.0,0.0,0.0,0.0,0.0,0.0
recon,侦察阶段（固定 $\Phi=1$）,hard_role_decider,硬杀伤-角色导向(D→拓扑),0.1,5,0.8600492921946961,0.01172595665944047,0.825521643782228,0.015963420345819393,0.9332138718113165,0.06439709588681337,0.8729282692627468,0.019677992195428953,90.0,0.0,411.6,14.051334456200237,105.2,10.02796090937734,515.2,17.428711943227473,933.0,65.09685092229884,10.0,0.0,0.0,0.0,0.0,0.0,10.0,0.0,0.0,0.0
recon,侦察阶段（固定 $\Phi=1$）,hard_role_decider,硬杀伤-角色导向(D→拓扑),0.2,5,0.7257428426900621,0.011012763247386525,0.628088753604682,0.014774299500860504,0.5077091182941849,0.10207616370524242,0.6205135715296429,0.040472989667646536,80.0,0.0,326.0,10.99090533122727,68.4,8.404760555780278,368.4,14.56845908117945,503.0,103.13874150870758,20.0,0.0,0.0,0.0,0.0,0.0,20.0,0.0,0.0,0.0
recon,侦察阶段（固定 $\Phi=1$）,hard_role_decider,硬杀伤-角色导向(D→拓扑),0.3,5,0.5992246814238548,0.011511186746261517,0.3914255400014254,0.01105461330497698,0.0,0.0,0.3302167404750933,0.005830921861860413,70.0,0.0,248.6,16.156732342896568,33.4,7.4993333037010705,242.4,18.30409790183608,0.0,0.0,30.0,0.0,0.0,0.0,0.0,0.0,30.0,0.0,0.0,0.0
recon,侦察阶段（固定 $\Phi=1$）,hard_role_decider,硬杀伤-角色导向(D→拓扑),0.4,5,0.45614887577868163,0.011883241481769611,0.2942134632620521,0.007822482937634863,0.0,0.0,0.25012077968024454,0.006010474448882593,60.0,0.0,167.4,8.333066662399863,20.6,6.829348431585549,153.2,9.516301802696255,0.0,0.0,40.0,0.0,0.0,0.0,8.6,0.4898979485566356,30.0,0.0,1.4,0.4898979485566356
recon,侦察阶段（固定 $\Phi=1$）,hard_role_decider,硬杀伤-角色导向(D→拓扑),0.5,5,0.3318656770555051,0.008018132170283045,0.22214430144593478,0.009806172186964088,0.0,0.0,0.1846699928338133,0.0027853834725665282,50.0,0.0,115.4,6.019966777316964,13.4,3.0724582991474434,104.0,15.336231610144651,0.0,0.0,50.0,0.0,0.0,0.0,15.8,0.7483314773547882,30.0,0.0,4.2,0.7483314773547882
recon,侦察阶段（固定 $\Phi=1$）,hard_role_decider,硬杀伤-角色导向(D→拓扑),0.6,5,0.2265601047667689,0.014083411239438992,0.15817297298501326,0.005847683159269104,0.0,0.0,0.12824435925059405,0.005179629850536316,40.0,0.0,69.0,5.761944116355173,9.4,1.8547236990991407,60.0,11.454256850621082,0.0,0.0,60.0,0.0,0.0,0.0,23.4,2.0591260281974,30.0,0.0,6.6,2.0591260281974
recon,侦察阶段（固定 $\Phi=1$）,hard_role_decider,硬杀伤-角色导向(D→拓扑),0.7,5,0.15604668813257366,0.019468662504298167,0.10378804205462303,0.011312245318431965,0.0,0.0,0.08661157672906554,0.010135829514547988,30.0,0.0,40.8,7.6000000000000005,5.4,3.2619012860600183,34.0,7.26636084983398,0.0,0.0,70.0,0.0,0.0,0.0,30.6,1.4966629547095767,30.0,0.0,9.4,1.4966629547095764
recon,侦察阶段（固定 $\Phi=1$）,hard_role_decider,硬杀伤-角色导向(D→拓扑),0.8,5,0.07339839937663445,0.04025657151779927,0.061118846375045624,0.015042296914237016,0.0,0.0,0.044839081917226686,0.017821843988867186,20.0,0.0,18.4,7.364781055808788,3.4,2.65329983228432,20.0,8.294576541331088,0.0,0.0,80.0,0.0,0.0,0.0,36.4,1.0198039027185568,30.0,0.0,13.6,1.0198039027185568
recon,侦察阶段（固定 $\Phi=1$）,hard_role_decider,硬杀伤-角色导向(D→拓扑),0.9,5,0.013330867533431897,0.010483352204710224,0.015945655315171038,0.006299574840152893,0.0,0.0,0.009758840949534312,0.0051716665268501895,10.0,0.0,3.8,1.7204650534085253,0.2,0.4,4.4,2.33238075793812,0.0,0.0,90.0,0.0,0.0,0.0,42.8,0.9797958971132711,30.0,0.0,17.2,0.9797958971132713
recon,侦察阶段（固定 $\Phi=1$）,hard_role_decider,硬杀伤-角色导向(D→拓扑),1.0,5,0.0,0.0,0.0,0.0,0.0,0.0,0.0,0.0,0.0,0.0,0.0,0.0,0.0,0.0,0.0,0.0,0.0,0.0,100.0,0.0,0.0,0.0,50.0,0.0,30.0,0.0,20.0,0.0
recon,侦察阶段（固定 $\Phi=1$）,hard_topology,硬杀伤-拓扑导向,0.0,5,1.0,0.0,1.0,4.965068306494546e-17,1.0,0.0,1.0,9.930136612989092e-17,100.0,0.0,507.8,18.946239732464065,141.8,6.046486583132389,681.6,22.473095024940378,1006.6,5.083306010855534,0.0,0.0,0.0,0.0,0.0,0.0,0.0,0.0,0.0,0.0
recon,侦察阶段（固定 $\Phi=1$）,hard_topology,硬杀伤-拓扑导向,0.1,5,0.8230286975421809,0.004766440900115679,0.8680007075154161,0.012181604434456731,0.8423256539099636,0.15285692738765794,0.8444516863225202,0.052422900910053805,90.0,0.0,378.0,12.214745187681975,108.6,8.522910301065007,491.8,16.436544649043483,838.2,155.37490144807816,10.0,0.0,0.0,0.0,7.4,1.2,1.8,0.7483314773547883,0.8,0.7483314773547883
recon,侦察阶段（固定 $\Phi=1$）,hard_topology,硬杀伤-拓扑导向,0.2,5,0.6776805170811444,0.007838865550263589,0.7401160432388483,0.012895627416517428,0.5161342627914454,0.15120899134819127,0.6446436077038127,0.05382485053913477,80.0,0.0,288.0,12.521980673998822,79.2,10.4,376.0,35.1965907439911,510.0,154.26600403199663,20.0,0.0,0.0,0.0,11.6,0.7999999999999999,5.4,1.624807680927192,3.0,1.0954451150103321
recon,侦察阶段（固定 $\Phi=1$）,hard_topology,硬杀伤-拓扑导向,0.3,5,0.5545022073856286,0.015234223407604235,0.6048823371472876,0.021417959596045585,0.3359791205982453,0.11112684977123448,0.4984545550437205,0.04228355341378528,70.0,0.0,220.4,12.815615474880634,63.4,6.086049621881176,277.8,33.52252973747655,328.0,112.59307261106254,30.0,0.0,0.0,0.0,17.6,2.0591260281974,8.4,2.65329983228432,4.0,1.0954451150103321
recon,侦察阶段（固定 $\Phi=1$）,hard_topology,硬杀伤-拓扑导向,0.4,5,0.43792821492354095,0.01694745092451055,0.4893984804005503,0.02096447032036653,0.17378907857683237,0.013576483792028141,0.3670385913003078,0.009594775877117347,60.0,0.0,157.6,8.138795979750322,41.0,4.47213595499958,193.8,19.197916553626335,166.2,14.372195378577345,40.0,0.0,0.0,0.0,21.8,1.9390719429665315,12.6,2.33238075793812,5.6,1.4966629547095764
recon,侦察阶段（固定 $\Phi=1$）,hard_topology,硬杀伤-拓扑导向,0.5,5,0.3161983686081017,0.014476070638422373,0.3673867375564958,0.020800245176108425,0.07203272674206238,0.021344480261919208,0.25187261096888663,0.014978386630641913,50.0,0.0,106.0,8.78635305459552,27.6,3.7202150475476548,125.4,19.54072670091878,66.8,20.556264252047356,50.0,0.0,0.0,0.0,25.8,2.4819347291981715,17.0,1.4142135623730951,7.2,2.3151673805580453
recon,侦察阶段（固定 $\Phi=1$）,hard_topology,硬杀伤-拓扑导向,0.6,5,0.23450360464645784,0.016165221772071345,0.26955225163530405,0.028023083708667032,0.04184839299396509,0.0064529273991718525,0.18196808309190898,0.015048127206824047,40.0,0.0,71.8,6.3999999999999995,20.4,4.079215610874227,83.8,9.303762679690406,38.4,5.817215828899594,60.0,0.0,0.0,0.0,31.8,2.1354156504062622,18.8,0.9797958971132712,9.4,1.4966629547095764
recon,侦察阶段（固定 $\Phi=1$）,hard_topology,硬杀伤-拓扑导向,0.7,5,0.15322438040161498,0.019426186555434568,0.18009743778379403,0.020237754009822414,0.011616637917340267,0.0056659000554554525,0.1149794853675831,0.004495892002428751,30.0,0.0,40.8,6.49307323229917,11.2,2.1354156504062622,52.2,7.858753081755401,10.6,5.388877434122992,70.0,0.0,0.0,0.0,35.6,0.8,21.6,1.3564659966250536,12.8,1.7204650534085253
recon,侦察阶段（固定 $\Phi=1$）,hard_topology,硬杀伤-拓扑导向,0.8,5,0.07714051997393692,0.013272265789827292,0.10779916433018126,0.010684770202412815,0.002890861246143835,0.003237984473675076,0.06261018185008733,0.00602586503656864,20.0,0.0,18.0,2.8284271247461903,7.2,2.2271057451320084,26.0,6.723094525588644,2.6,3.0724582991474434,80.0,0.0,0.0,0.0,41.2,1.16619037896906,23.4,1.0198039027185568,15.4,0.7999999999999999
recon,侦察阶段（固定 $\Phi=1$）,hard_topology,硬杀伤-拓扑导向,0.9,5,0.017671555452028857,0.010928860575060234,0.037876435271774166,0.00917468684152057,0.0,0.0,0.01851599690793434,0.006116945651852224,10.0,0.0,4.4,1.4966629547095764,2.4,0.4898979485566356,7.0,3.8987177379235853,0.0,0.0,90.0,0.0,0.0,0.0,46.0,0.8944271909999159,25.8,0.7483314773547882,18.2,1.3266499161421599
recon,侦察阶段（固定 $\Phi=1$）,hard_topology,硬杀伤-拓扑导向,1.0,5,0.0,0.0,0.0,0.0,0.0,0.0,0.0,0.0,0.0,0.0,0.0,0.0,0.0,0.0,0.0,0.0,0.0,0.0,100.0,0.0,0.0,0.0,50.0,0.0,30.0,0.0,20.0,0.0
recon,侦察阶段（固定 $\Phi=1$）,soft_random,网络压制-随机攻击,0.0,5,1.0,0.0,1.0,4.965068306494546e-17,1.0,0.0,1.0,9.930136612989092e-17,100.0,0.0,507.8,18.946239732464065,141.8,6.046486583132389,681.6,22.473095024940378,1006.6,5.083306010855534,0.0,0.0,0.0,0.0,0.0,0.0,0.0,0.0,0.0,0.0
recon,侦察阶段（固定 $\Phi=1$）,soft_random,网络压制-随机攻击,0.1,5,1.0,0.0,0.8966386241073012,0.012657444880109472,0.9101324805836413,0.1342823334046432,0.9355903682303139,0.04080931758006799,100.0,0.0,507.8,18.946239732464065,126.0,13.145341380123988,547.8,23.92822601030005,909.2,139.97771251167094,0.0,0.0,10.0,0.0,5.0,0.6324555320336759,2.8,0.39999999999999997,2.2,0.7483314773547882
recon,侦察阶段（固定 $\Phi=1$）,soft_random,网络压制-随机攻击,0.2,5,1.0,0.0,0.7861441011662818,0.01746435278914157,0.6366095718546095,0.09212047787219402,0.8075845576736305,0.02713635884363627,100.0,0.0,507.8,18.946239732464065,101.0,7.211102550927978,429.6,18.051038751274124,630.6,95.01494619269118,0.0,0.0,20.0,0.0,9.8,0.7483314773547883,5.8,1.16619037896906,4.4,1.4966629547095764
recon,侦察阶段（固定 $\Phi=1$）,soft_random,网络压制-随机攻击,0.3,5,1.0,0.0,0.6677730365727232,0.017950549465711525,0.39103686951266403,0.11751104542718381,0.686269968695129,0.03721697909084748,100.0,0.0,507.8,18.946239732464065,79.2,2.638181191654584,337.4,32.69005965121508,385.4,120.6392970801803,0.0,0.0,30.0,0.0,15.4,1.9595917942265424,7.6,2.33238075793812,7.0,1.7888543819998317
recon,侦察阶段（固定 $\Phi=1$）,soft_random,网络压制-随机攻击,0.4,5,1.0,0.0,0.5424261006976081,0.03374060081670744,0.20425233076311794,0.04785302084368287,0.5822261438202421,0.02456688710571936,100.0,0.0,507.8,18.946239732464065,55.8,7.222188034107115,240.8,33.98470244095129,197.8,50.87789303813592,0.0,0.0,40.0,0.0,19.6,1.2,11.6,3.2,8.8,2.7856776554368237
recon,侦察阶段（固定 $\Phi=1$）,soft_random,网络压制-随机攻击,0.5,5,1.0,0.0,0.41845272228165237,0.02959134033177227,0.09490063689796943,0.024415892213586345,0.5044511197265406,0.01761295561601761,100.0,0.0,507.8,18.946239732464065,36.8,5.418486873657627,161.0,14.198591479439079,89.6,24.759644585494357,0.0,0.0,50.0,0.0,25.0,1.5491933384829668,14.4,2.5768197453450252,10.6,1.4966629547095764
recon,侦察阶段（固定 $\Phi=1$）,soft_random,网络压制-随机攻击,0.6,5,1.0,0.0,0.2973427317977603,0.028025691693288047,0.04066182034071868,0.015817046951847453,0.4460015173794929,0.014251100207690924,100.0,0.0,507.8,18.946239732464065,23.0,5.176871642217914,99.6,7.552483035399682,37.4,14.402777509911065,0.0,0.0,60.0,0.0,30.0,0.6324555320336759,18.0,1.4142135623730951,12.0,1.2649110640673518
recon,侦察阶段（固定 $\Phi=1$）,soft_random,网络压制-随机攻击,0.7,5,1.0,0.0,0.1882938327580494,0.026569529234605066,0.016380593615373938,0.011902710751669496,0.4015581421244745,0.006731130786891535,100.0,0.0,507.8,18.946239732464065,13.2,4.166533331199932,59.2,6.881860213634101,15.0,11.260550608207398,0.0,0.0,70.0,0.0,34.0,1.0954451150103321,21.0,1.4142135623730951,15.0,0.6324555320336759
recon,侦察阶段（固定 $\Phi=1$）,soft_random,网络压制-随机攻击,0.8,5,1.0,0.0,0.09859135101893793,0.010843108082416937,0.004983506980429321,0.004328135552767315,0.36785828599978904,0.0049358572195006755,100.0,0.0,507.8,18.946239732464065,5.8,2.3151673805580453,26.2,3.3105890714493698,4.4,4.223742416388575,0.0,0.0,80.0,0.0,38.6,1.3564659966250538,24.6,1.3564659966250538,16.8,0.39999999999999997
recon,侦察阶段（固定 $\Phi=1$）,soft_random,网络压制-随机攻击,0.9,5,1.0,0.0,0.03149417031392372,0.012768171111112123,0.0,0.0,0.3438313901046412,0.004256057037037378,100.0,0.0,507.8,18.946239732464065,1.8,0.7483314773547883,7.6,4.079215610874228,0.0,0.0,0.0,0.0,90.0,0.0,43.0,1.2649110640673518,28.4,0.7999999999999999,18.6,1.2
recon,侦察阶段（固定 $\Phi=1$）,soft_random,网络压制-随机攻击,1.0,5,1.0,0.0,0.0,0.0,0.0,0.0,0.3333333333333333,0.0,100.0,0.0,507.8,18.946239732464065,0.0,0.0,0.0,0.0,0.0,0.0,0.0,0.0,100.0,0.0,50.0,0.0,30.0,0.0,20.0,0.0
recon,侦察阶段（固定 $\Phi=1$）,soft_role_decider,网络压制-角色导向(D→拓扑),0.0,5,1.0,0.0,1.0,4.965068306494546e-17,1.0,0.0,1.0,9.930136612989092e-17,100.0,0.0,507.8,18.946239732464065,141.8,6.046486583132389,681.6,22.473095024940378,1006.6,5.083306010855534,0.0,0.0,0.0,0.0,0.0,0.0,0.0,0.0,0.0,0.0
recon,侦察阶段（固定 $\Phi=1$）,soft_role_decider,网络压制-角色导向(D→拓扑),0.1,5,1.0,0.0,0.8387113997155602,0.015908915362454434,0.9332138718113165,0.06439709588681337,0.9239750905089588,0.017716723144859736,100.0,0.0,507.8,18.946239732464065,110.2,5.30659966456864,515.2,17.428711943227473,933.0,65.09685092229884,0.0,0.0,10.0,0.0,0.0,0.0,10.0,0.0,0.0,0.0
recon,侦察阶段（固定 $\Phi=1$）,soft_role_decider,网络压制-角色导向(D→拓扑),0.2,5,1.0,0.0,0.6481603269329825,0.01560358256107076,0.5077091182941849,0.10207616370524242,0.7186231484090557,0.03712711102385191,100.0,0.0,507.8,18.946239732464065,68.4,9.93176721434811,368.4,14.56845908117945,503.0,103.13874150870758,0.0,0.0,20.0,0.0,0.0,0.0,20.0,0.0,0.0,0.0
recon,侦察阶段（固定 $\Phi=1$）,soft_role_decider,网络压制-角色导向(D→拓扑),0.3,5,1.0,0.0,0.4117987649652445,0.012543366426406355,0.0,0.0,0.4705995883217481,0.00418112214213546,100.0,0.0,507.8,18.946239732464065,35.4,7.914543574963752,242.4,18.30409790183608,0.0,0.0,0.0,0.0,30.0,0.0,0.0,0.0,30.0,0.0,0.0,0.0
recon,侦察阶段（固定 $\Phi=1$）,soft_role_decider,网络压制-角色导向(D→拓扑),0.4,5,1.0,0.0,0.312665242009863,0.008970444803349216,0.0,0.0,0.4375550806699543,0.0029901482677830646,100.0,0.0,507.8,18.946239732464065,21.2,3.9698866482558417,153.2,9.516301802696255,0.0,0.0,0.0,0.0,40.0,0.0,8.6,0.4898979485566356,30.0,0.0,1.4,0.4898979485566356
recon,侦察阶段（固定 $\Phi=1$）,soft_role_decider,网络压制-角色导向(D→拓扑),0.5,5,1.0,0.0,0.23967776886672348,0.011488336595319035,0.0,0.0,0.4132259229555745,0.003829445531773005,100.0,0.0,507.8,18.946239732464065,14.6,4.2708313008125245,104.0,15.336231610144651,0.0,0.0,0.0,0.0,50.0,0.0,15.8,0.7483314773547882,30.0,0.0,4.2,0.7483314773547882
recon,侦察阶段（固定 $\Phi=1$）,soft_role_decider,网络压制-角色导向(D→拓扑),0.6,5,1.0,0.0,0.17123320022539448,0.005488915506127832,0.0,0.0,0.39041106674179815,0.0018296385020426101,100.0,0.0,507.8,18.946239732464065,9.4,3.2,60.0,11.454256850621082,0.0,0.0,0.0,0.0,60.0,0.0,23.4,2.0591260281974,30.0,0.0,6.6,2.0591260281974
recon,侦察阶段（固定 $\Phi=1$）,soft_role_decider,网络压制-角色导向(D→拓扑),0.7,5,1.0,0.0,0.11328623380401041,0.013308428934828856,0.0,0.0,0.37109541126800344,0.004436142978276285,100.0,0.0,507.8,18.946239732464065,5.2,1.16619037896906,34.0,7.26636084983398,0.0,0.0,0.0,0.0,70.0,0.0,30.6,1.4966629547095767,30.0,0.0,9.4,1.4966629547095764
recon,侦察阶段（固定 $\Phi=1$）,soft_role_decider,网络压制-角色导向(D→拓扑),0.8,5,1.0,0.0,0.06692071687678988,0.01942698416478321,0.0,0.0,0.3556402389589299,0.006475661388261072,100.0,0.0,507.8,18.946239732464065,3.2,1.6,20.0,8.294576541331088,0.0,0.0,0.0,0.0,80.0,0.0,36.4,1.0198039027185568,30.0,0.0,13.6,1.0198039027185568
recon,侦察阶段（固定 $\Phi=1$）,soft_role_decider,网络压制-角色导向(D→拓扑),0.9,5,1.0,0.0,0.016624981664048123,0.006956845741754886,0.0,0.0,0.338874993888016,0.002318948580584968,100.0,0.0,507.8,18.946239732464065,0.6,0.48989794855663565,4.4,2.33238075793812,0.0,0.0,0.0,0.0,90.0,0.0,42.8,0.9797958971132711,30.0,0.0,17.2,0.9797958971132713
recon,侦察阶段（固定 $\Phi=1$）,soft_role_decider,网络压制-角色导向(D→拓扑),1.0,5,1.0,0.0,0.0,0.0,0.0,0.0,0.3333333333333333,0.0,100.0,0.0,507.8,18.946239732464065,0.0,0.0,0.0,0.0,0.0,0.0,0.0,0.0,100.0,0.0,50.0,0.0,30.0,0.0,20.0,0.0
recon,侦察阶段（固定 $\Phi=1$）,soft_topology,网络压制-拓扑导向,0.0,5,1.0,0.0,1.0,4.965068306494546e-17,1.0,0.0,1.0,9.930136612989092e-17,100.0,0.0,507.8,18.946239732464065,141.8,6.046486583132389,681.6,22.473095024940378,1006.6,5.083306010855534,0.0,0.0,0.0,0.0,0.0,0.0,0.0,0.0,0.0,0.0
recon,侦察阶段（固定 $\Phi=1$）,soft_topology,网络压制-拓扑导向,0.1,5,1.0,0.0,0.8807423454294415,0.012592336693083605,0.8314943997946536,0.15592840790590407,0.9040789150746983,0.05257566798295644,100.0,0.0,507.8,18.946239732464065,103.4,4.6303347611160905,491.8,16.436544649043483,827.2,158.79093173100284,0.0,0.0,10.0,0.0,7.4,1.2,1.8,0.7483314773547883,0.8,0.7483314773547883
recon,侦察阶段（固定 $\Phi=1$）,soft_topology,网络压制-拓扑导向,0.2,5,1.0,0.0,0.7613109050221706,0.014172695031070666,0.4903819388945439,0.13302501167810096,0.7505642813055714,0.04579860610609899,100.0,0.0,507.8,18.946239732464065,77.8,6.337191807101943,376.0,35.1965907439911,483.2,135.19082809125774,0.0,0.0,20.0,0.0,11.6,0.7999999999999999,5.4,1.624807680927192,3.0,1.0954451150103321
recon,侦察阶段（固定 $\Phi=1$）,soft_topology,网络压制-拓扑导向,0.3,5,1.0,0.0,0.6309636081571114,0.02357769751328876,0.32194716583973176,0.10289555196440892,0.6509702579989477,0.03638920224555234,100.0,0.0,507.8,18.946239732464065,60.0,7.771743691090179,277.8,33.52252973747655,313.4,103.72000771307337,0.0,0.0,30.0,0.0,17.6,2.0591260281974,8.4,2.65329983228432,4.0,1.0954451150103321
recon,侦察阶段（固定 $\Phi=1$）,soft_topology,网络压制-拓扑导向,0.4,5,1.0,0.0,0.5162918692631968,0.02212961616804408,0.16856503135457496,0.01136955657509415,0.5616189668725905,0.008496264608278743,100.0,0.0,507.8,18.946239732464065,44.2,6.49307323229917,193.8,19.197916553626335,160.8,11.338430226446693,0.0,0.0,40.0,0.0,21.8,1.9390719429665315,12.6,2.33238075793812,5.6,1.4966629547095764
recon,侦察阶段（固定 $\Phi=1$）,soft_topology,网络压制-拓扑导向,0.5,5,1.0,0.0,0.39042184139698916,0.0221770262380955,0.06830705975838776,0.019387755321763064,0.48624296705179226,0.011249706976387984,100.0,0.0,507.8,18.946239732464065,28.8,3.6000000000000005,125.4,19.54072670091878,63.0,18.579558659989747,0.0,0.0,50.0,0.0,25.8,2.4819347291981715,17.0,1.4142135623730951,7.2,2.3151673805580453
recon,侦察阶段（固定 $\Phi=1$）,soft_topology,网络压制-拓扑导向,0.6,5,1.0,0.0,0.2905838813041025,0.028537745851698434,0.041099329323553105,0.007104170678482089,0.4438944035425519,0.011392712949829933,100.0,0.0,507.8,18.946239732464065,20.8,2.1354156504062622,83.8,9.303762679690406,37.6,6.590902821313632,0.0,0.0,60.0,0.0,31.8,2.1354156504062622,18.8,0.9797958971132712,9.4,1.4966629547095764
recon,侦察阶段（固定 $\Phi=1$）,soft_topology,网络压制-拓扑导向,0.7,5,1.0,0.0,0.1965398881832246,0.020764389139498598,0.011616637917340267,0.0056659000554554525,0.4027188420335216,0.007106475703143386,100.0,0.0,507.8,18.946239732464065,13.6,2.1540659228538015,52.2,7.858753081755401,10.6,5.388877434122992,0.0,0.0,70.0,0.0,35.6,0.8,21.6,1.3564659966250536,12.8,1.7204650534085253
recon,侦察阶段（固定 $\Phi=1$）,soft_topology,网络压制-拓扑导向,0.8,5,1.0,0.0,0.11774008137961571,0.011281047334818987,0.002890861246143835,0.003237984473675076,0.3735436475419198,0.004215139729662714,100.0,0.0,507.8,18.946239732464065,7.0,0.8944271909999159,26.0,6.723094525588644,2.6,3.0724582991474434,0.0,0.0,80.0,0.0,41.2,1.16619037896906,23.4,1.0198039027185568,15.4,0.7999999999999999
recon,侦察阶段（固定 $\Phi=1$）,soft_topology,网络压制-拓扑导向,0.9,5,1.0,0.0,0.039337313455822226,0.01090480679530726,0.0,0.0,0.34644577115194075,0.00363493559843576,100.0,0.0,507.8,18.946239732464065,1.6,0.8,7.0,3.8987177379235853,0.0,0.0,0.0,0.0,90.0,0.0,46.0,0.8944271909999159,25.8,0.7483314773547882,18.2,1.3266499161421599
recon,侦察阶段（固定 $\Phi=1$）,soft_topology,网络压制-拓扑导向,1.0,5,1.0,0.0,0.0,0.0,0.0,0.0,0.3333333333333333,0.0,100.0,0.0,507.8,18.946239732464065,0.0,0.0,0.0,0.0,0.0,0.0,0.0,0.0,100.0,0.0,50.0,0.0,30.0,0.0,20.0,0.0
strike,打击阶段（固定 $\Phi=2$）,hard_random,硬杀伤-随机攻击,0.0,5,1.0,0.0,1.0,4.965068306494546e-17,1.0,0.0,1.0,9.930136612989092e-17,100.0,0.0,507.8,18.946239732464065,53.4,7.863841300535,572.4,29.567549780122125,983.6,52.8454349967904,0.0,0.0,0.0,0.0,0.0,0.0,0.0,0.0,0.0,0.0
strike,打击阶段（固定 $\Phi=2$）,hard_random,硬杀伤-随机攻击,0.1,5,0.8608274105299142,0.005501241064448492,0.8507594921953446,0.0158534430576904,0.932147894300876,0.11223060053906511,0.8812449323420448,0.040698429444418864,90.0,0.0,409.4,19.48948434412773,39.8,6.241794613730893,468.0,28.823601440486232,916.8,151.60791536064335,10.0,0.0,0.0,0.0,5.0,0.6324555320336759,2.8,0.39999999999999997,2.2,0.7483314773547882
strike,打击阶段（固定 $\Phi=2$）,hard_random,硬杀伤-随机攻击,0.2,5,0.7239952802218619,0.009586375233267079,0.7005415201055241,0.027559948107390892,0.7295187512076214,0.12607460482026384,0.7180185171783358,0.04088018447065753,80.0,0.0,318.4,12.240914998479484,31.8,4.354308211415448,368.2,13.555810562264433,711.8,148.70561522686359,20.0,0.0,0.0,0.0,9.8,0.7483314773547883,5.8,1.16619037896906,4.4,1.4966629547095764
strike,打击阶段（固定 $\Phi=2$）,hard_random,硬杀伤-随机攻击,0.3,5,0.5985514173078978,0.015481457129914373,0.5754188280648472,0.04412108335710463,0.4586381936976537,0.16017928802203066,0.5442028130234663,0.05753317220859746,70.0,0.0,241.8,17.359723500102184,25.8,4.354308211415448,288.8,24.76610587072582,448.2,170.90394963253482,30.0,0.0,0.0,0.0,15.4,1.9595917942265424,7.6,2.33238075793812,7.0,1.7888543819998317
strike,打击阶段（固定 $\Phi=2$）,hard_random,硬杀伤-随机攻击,0.4,5,0.4792014503172342,0.011442967659971692,0.43481872145005207,0.031132046548697067,0.23623997121123108,0.07186900551056653,0.38342004765950577,0.03002390190065279,60.0,0.0,176.0,10.714476188783099,16.6,1.7435595774162693,205.2,28.18084455796171,226.0,78.64349941349253,40.0,0.0,0.0,0.0,19.6,1.2,11.6,3.2,8.8,2.7856776554368237
strike,打击阶段（固定 $\Phi=2$）,hard_random,硬杀伤-随机攻击,0.5,5,0.36286178298197835,0.015179256073240013,0.3188277159727949,0.04246457603349873,0.11570427959542784,0.03626653322675123,0.26579792618340037,0.017209514174329216,50.0,0.0,120.6,6.086049621881176,13.8,1.469693845669907,137.0,11.64474130240771,107.6,36.313083041790875,50.0,0.0,0.0,0.0,25.0,1.5491933384829668,14.4,2.5768197453450252,10.6,1.4966629547095764
strike,打击阶段（固定 $\Phi=2$）,hard_random,硬杀伤-随机攻击,0.6,5,0.24536735452884312,0.02236785284658995,0.20406163645852438,0.015287681423198068,0.05231263223086351,0.02107050755844916,0.16724720773941032,0.009412534836789478,40.0,0.0,76.0,5.692099788303083,6.8,2.039607805437114,84.2,6.615134163416491,47.4,20.14547095503106,60.0,0.0,0.0,0.0,30.0,0.6324555320336759,18.0,1.4142135623730951,12.0,1.2649110640673518
strike,打击阶段（固定 $\Phi=2$）,hard_random,硬杀伤-随机攻击,0.7,5,0.15376961552996296,0.013512794025139406,0.11693981131249942,0.015290935443933224,0.017463933563174154,0.008328731732797223,0.09605778680187883,0.005900840783970064,30.0,0.0,43.4,4.882622246293481,3.4,0.4898979485566356,48.6,6.974238309665077,15.6,8.357032966310472,70.0,0.0,0.0,0.0,34.0,1.0954451150103321,21.0,1.4142135623730951,15.0,0.6324555320336759
strike,打击阶段（固定 $\Phi=2$）,hard_random,硬杀伤-随机攻击,0.8,5,0.08048093924935334,0.012529716752742628,0.05906995069679477,0.015602311403611721,0.009239468969230056,0.010015211800761332,0.04959678630512606,0.011888006020201455,20.0,0.0,18.8,3.709447398198282,1.4,0.4898979485566356,22.0,6.131883886702357,8.2,9.558242516278817,80.0,0.0,0.0,0.0,38.6,1.3564659966250538,24.6,1.3564659966250538,16.8,0.39999999999999997
strike,打击阶段（固定 $\Phi=2$）,hard_random,硬杀伤-随机攻击,0.9,5,0.02433994487869149,0.015431499287327758,0.007822734287761927,0.0022759052205226656,0.0005585306886422166,0.0006840591092112561,0.010907069951698546,0.005830435737666067,10.0,0.0,5.0,2.1908902300206643,0.2,0.4,6.8,2.9257477676655586,0.4,0.48989794855663565,90.0,0.0,0.0,0.0,43.0,1.2649110640673518,28.4,0.7999999999999999,18.6,1.2
strike,打击阶段（固定 $\Phi=2$）,hard_random,硬杀伤-随机攻击,1.0,5,0.0,0.0,0.0,0.0,0.0,0.0,0.0,0.0,0.0,0.0,0.0,0.0,0.0,0.0,0.0,0.0,0.0,0.0,100.0,0.0,0.0,0.0,50.0,0.0,30.0,0.0,20.0,0.0
strike,打击阶段（固定 $\Phi=2$）,hard_role_decider,硬杀伤-角色导向(D→拓扑),0.0,5,1.0,0.0,1.0,4.965068306494546e-17,1.0,0.0,1.0,9.930136612989092e-17,100.0,0.0,507.8,18.946239732464065,53.4,7.863841300535,572.4,29.567549780122125,983.6,52.8454349967904,0.0,0.0,0.0,0.0,0.0,0.0,0.0,0.0,0.0,0.0
strike,打击阶段（固定 $\Phi=2$）,hard_role_decider,硬杀伤-角色导向(D→拓扑),0.1,5,0.8600492921946961,0.01172595665944047,0.7554202113565872,0.013391465682935179,0.9051112914729753,0.09420983997501572,0.8401935983414195,0.034338074055337765,90.0,0.0,411.6,14.051334456200237,37.8,5.844655678480983,426.6,19.022092419079453,887.2,127.83802251286586,10.0,0.0,0.0,0.0,0.0,0.0,10.0,0.0,0.0,0.0
strike,打击阶段（固定 $\Phi=2$）,hard_role_decider,硬杀伤-角色导向(D→拓扑),0.2,5,0.7257428426900621,0.011012763247386525,0.5342429875327445,0.013098884941435433,0.4719991740214515,0.0652150472714913,0.577328334748086,0.02118891140044538,80.0,0.0,326.0,10.99090533122727,20.8,1.8330302779823362,297.8,17.186040847152668,455.8,78.55545811717987,20.0,0.0,0.0,0.0,0.0,0.0,20.0,0.0,0.0,0.0
strike,打击阶段（固定 $\Phi=2$）,hard_role_decider,硬杀伤-角色导向(D→拓扑),0.3,5,0.5992246814238548,0.011511186746261517,0.3010347191409902,0.00520205078877595,0.0,0.0,0.30008646685494833,0.005020558402404595,70.0,0.0,248.6,16.156732342896568,10.4,4.223742416388575,188.8,18.312837027615355,0.0,0.0,30.0,0.0,0.0,0.0,0.0,0.0,30.0,0.0,0.0,0.0
strike,打击阶段（固定 $\Phi=2$）,hard_role_decider,硬杀伤-角色导向(D→拓扑),0.4,5,0.45614887577868163,0.011883241481769611,0.22532811131547792,0.005041761574629552,0.0,0.0,0.22715899569805317,0.003757285036106711,60.0,0.0,167.4,8.333066662399863,7.6,4.223742416388575,120.4,8.42852300228219,0.0,0.0,40.0,0.0,0.0,0.0,8.6,0.4898979485566356,30.0,0.0,1.4,0.4898979485566356
strike,打击阶段（固定 $\Phi=2$）,hard_role_decider,硬杀伤-角色导向(D→拓扑),0.5,5,0.3318656770555051,0.008018132170283045,0.16745021949492234,0.007795499521811645,0.0,0.0,0.16643863218347582,0.0026929830918506863,50.0,0.0,115.4,6.019966777316964,4.4,2.0591260281974,85.2,12.496399481450648,0.0,0.0,50.0,0.0,0.0,0.0,15.8,0.7483314773547882,30.0,0.0,4.2,0.7483314773547882
strike,打击阶段（固定 $\Phi=2$）,hard_role_decider,硬杀伤-角色导向(D→拓扑),0.6,5,0.2265601047667689,0.014083411239438992,0.11722905210112114,0.009288726835682349,0.0,0.0,0.11459638562263001,0.005712796859127115,40.0,0.0,69.0,5.761944116355173,3.6,1.3564659966250538,50.0,8.099382692526634,0.0,0.0,60.0,0.0,0.0,0.0,23.4,2.0591260281974,30.0,0.0,6.6,2.0591260281974
strike,打击阶段（固定 $\Phi=2$）,hard_role_decider,硬杀伤-角色导向(D→拓扑),0.7,5,0.15604668813257366,0.019468662504298167,0.07893904489642792,0.009534403306292343,0.0,0.0,0.07832857767633386,0.009499137016563035,30.0,0.0,40.8,7.6000000000000005,1.4,1.4966629547095764,27.2,4.66476151587624,0.0,0.0,70.0,0.0,0.0,0.0,30.6,1.4966629547095767,30.0,0.0,9.4,1.4966629547095764
strike,打击阶段（固定 $\Phi=2$）,hard_role_decider,硬杀伤-角色导向(D→拓扑),0.8,5,0.07339839937663445,0.04025657151779927,0.04002210573360538,0.010239508791633385,0.0,0.0,0.0378068350367466,0.01651150622905225,20.0,0.0,18.4,7.364781055808788,1.2,0.9797958971132712,16.8,6.013318551349164,0.0,0.0,80.0,0.0,0.0,0.0,36.4,1.0198039027185568,30.0,0.0,13.6,1.0198039027185568
strike,打击阶段（固定 $\Phi=2$）,hard_role_decider,硬杀伤-角色导向(D→拓扑),0.9,5,0.013330867533431897,0.010483352204710224,0.01145334560312826,0.004151799434721796,0.0,0.0,0.008261404378853384,0.0046725969908798515,10.0,0.0,3.8,1.7204650534085253,0.2,0.4,4.0,1.7888543819998317,0.0,0.0,90.0,0.0,0.0,0.0,42.8,0.9797958971132711,30.0,0.0,17.2,0.9797958971132713
strike,打击阶段（固定 $\Phi=2$）,hard_role_decider,硬杀伤-角色导向(D→拓扑),1.0,5,0.0,0.0,0.0,0.0,0.0,0.0,0.0,0.0,0.0,0.0,0.0,0.0,0.0,0.0,0.0,0.0,0.0,0.0,100.0,0.0,0.0,0.0,50.0,0.0,30.0,0.0,20.0,0.0
strike,打击阶段（固定 $\Phi=2$）,hard_topology,硬杀伤-拓扑导向,0.0,5,1.0,0.0,1.0,4.965068306494546e-17,1.0,0.0,1.0,9.930136612989092e-17,100.0,0.0,507.8,18.946239732464065,53.4,7.863841300535,572.4,29.567549780122125,983.6,52.8454349967904,0.0,0.0,0.0,0.0,0.0,0.0,0.0,0.0,0.0,0.0
strike,打击阶段（固定 $\Phi=2$）,hard_topology,硬杀伤-拓扑导向,0.1,5,0.8230286975421809,0.004766440900115679,0.8761101960233321,0.025835522712697668,0.8013900940870047,0.14563034819258516,0.8335096625508391,0.048097908516113556,90.0,0.0,378.0,12.214745187681975,43.6,7.227724399837061,418.2,22.157617200412144,783.0,169.81166037701888,10.0,0.0,0.0,0.0,7.4,1.2,1.8,0.7483314773547883,0.8,0.7483314773547883
strike,打击阶段（固定 $\Phi=2$）,hard_topology,硬杀伤-拓扑导向,0.2,5,0.6776805170811444,0.007838865550263589,0.7256858289217505,0.03516127207096114,0.494529692570646,0.11318008397449451,0.632632012857847,0.03387537652448866,80.0,0.0,288.0,12.521980673998822,29.4,4.2708313008125245,322.8,32.57852053117207,478.4,125.60350313586004,20.0,0.0,0.0,0.0,11.6,0.7999999999999999,5.4,1.624807680927192,3.0,1.0954451150103321
strike,打击阶段（固定 $\Phi=2$）,hard_topology,硬杀伤-拓扑导向,0.3,5,0.5545022073856286,0.015234223407604235,0.6073740948482194,0.035712128055179475,0.34176858628424756,0.10007709287613407,0.5012149628393652,0.034399597036216686,70.0,0.0,220.4,12.815615474880634,22.8,4.4,246.2,29.94929047573581,327.8,106.54651566334772,30.0,0.0,0.0,0.0,17.6,2.0591260281974,8.4,2.65329983228432,4.0,1.0954451150103321
strike,打击阶段（固定 $\Phi=2$）,hard_topology,硬杀伤-拓扑导向,0.4,5,0.43792821492354095,0.01694745092451055,0.4797263741295197,0.025601127629377576,0.1725880886125303,0.02539077247135095,0.36341422588853034,0.011341942826353356,60.0,0.0,157.6,8.138795979750322,16.8,2.9257477676655586,170.6,16.692513291892265,161.0,19.266551326067674,40.0,0.0,0.0,0.0,21.8,1.9390719429665315,12.6,2.33238075793812,5.6,1.4966629547095764
strike,打击阶段（固定 $\Phi=2$）,hard_topology,硬杀伤-拓扑导向,0.5,5,0.3161983686081017,0.014476070638422373,0.34829748217210804,0.029910350691851505,0.07139052968209496,0.027461654394703036,0.24529546015410159,0.02008612118053774,50.0,0.0,106.0,8.78635305459552,12.4,3.6660605559646724,109.8,14.048487463068756,63.2,20.88444397153058,50.0,0.0,0.0,0.0,25.8,2.4819347291981715,17.0,1.4142135623730951,7.2,2.3151673805580453
strike,打击阶段（固定 $\Phi=2$）,hard_topology,硬杀伤-拓扑导向,0.6,5,0.23450360464645784,0.016165221772071345,0.2545374864653172,0.022339717357907473,0.04213021347877938,0.00835224480275912,0.17705710153018478,0.014046346730356063,40.0,0.0,71.8,6.3999999999999995,8.4,3.0066592756745814,74.4,6.406246951218786,36.8,6.11228271597445,60.0,0.0,0.0,0.0,31.8,2.1354156504062622,18.8,0.9797958971132712,9.4,1.4966629547095764
strike,打击阶段（固定 $\Phi=2$）,hard_topology,硬杀伤-拓扑导向,0.7,5,0.15322438040161498,0.019426186555434568,0.16082208276157806,0.03001334760068316,0.014546562770028259,0.0065044067417798015,0.1095310086444071,0.015953268591985387,30.0,0.0,40.8,6.49307323229917,5.2,2.4,48.0,5.549774770204643,12.8,6.49307323229917,70.0,0.0,0.0,0.0,35.6,0.8,21.6,1.3564659966250536,12.8,1.7204650534085253
strike,打击阶段（固定 $\Phi=2$）,hard_topology,硬杀伤-拓扑导向,0.8,5,0.07714051997393692,0.013272265789827292,0.08902176638509479,0.022545830893394177,0.003705682616216753,0.00331050528761327,0.05662265632508282,0.009790404365443147,20.0,0.0,18.0,2.8284271247461903,2.0,1.2649110640673518,25.4,6.711184694225007,3.2,3.0594117081556713,80.0,0.0,0.0,0.0,41.2,1.16619037896906,23.4,1.0198039027185568,15.4,0.7999999999999999
strike,打击阶段（固定 $\Phi=2$）,hard_topology,硬杀伤-拓扑导向,0.9,5,0.017671555452028857,0.010928860575060234,0.032232200411263304,0.014429503350942317,0.0,0.0,0.016634585287764053,0.007408533351400884,10.0,0.0,4.4,1.4966629547095764,1.0,1.0954451150103321,6.6,3.1999999999999997,0.0,0.0,90.0,0.0,0.0,0.0,46.0,0.8944271909999159,25.8,0.7483314773547882,18.2,1.3266499161421599
strike,打击阶段（固定 $\Phi=2$）,hard_topology,硬杀伤-拓扑导向,1.0,5,0.0,0.0,0.0,0.0,0.0,0.0,0.0,0.0,0.0,0.0,0.0,0.0,0.0,0.0,0.0,0.0,0.0,0.0,100.0,0.0,0.0,0.0,50.0,0.0,30.0,0.0,20.0,0.0
strike,打击阶段（固定 $\Phi=2$）,soft_random,网络压制-随机攻击,0.0,5,1.0,0.0,1.0,4.965068306494546e-17,1.0,0.0,1.0,9.930136612989092e-17,100.0,0.0,507.8,18.946239732464065,53.4,7.863841300535,572.4,29.567549780122125,983.6,52.8454349967904,0.0,0.0,0.0,0.0,0.0,0.0,0.0,0.0,0.0,0.0
strike,打击阶段（固定 $\Phi=2$）,soft_random,网络压制-随机攻击,0.1,5,1.0,0.0,0.8636698667186474,0.015640087254527864,0.9290516200710739,0.11980736683512523,0.9309071622632403,0.04209164316154343,100.0,0.0,507.8,18.946239732464065,44.0,6.870225614927067,468.0,28.823601440486232,913.6,157.9779731481576,0.0,0.0,10.0,0.0,5.0,0.6324555320336759,2.8,0.39999999999999997,2.2,0.7483314773547882
strike,打击阶段（固定 $\Phi=2$）,soft_random,网络压制-随机攻击,0.2,5,1.0,0.0,0.7219559634630646,0.02740325550892755,0.6860476184743339,0.11322011967632843,0.8026678606457993,0.03720753047305194,100.0,0.0,507.8,18.946239732464065,35.4,6.7111846942250075,368.2,13.555810562264433,668.2,134.1303843280858,0.0,0.0,20.0,0.0,9.8,0.7483314773547883,5.8,1.16619037896906,4.4,1.4966629547095764
strike,打击阶段（固定 $\Phi=2$）,soft_random,网络压制-随机攻击,0.3,5,1.0,0.0,0.6018426846134796,0.04554091820084125,0.4175586662269645,0.13691916104847093,0.6731337836134813,0.047017078389145234,100.0,0.0,507.8,18.946239732464065,27.4,4.127953488110059,288.8,24.76610587072582,406.8,146.10325116163568,0.0,0.0,30.0,0.0,15.4,1.9595917942265424,7.6,2.33238075793812,7.0,1.7888543819998317
strike,打击阶段（固定 $\Phi=2$）,soft_random,网络压制-随机攻击,0.4,5,1.0,0.0,0.4604548645570835,0.03276648736936497,0.21784129392050997,0.06357929878010728,0.5594320528258645,0.02546589268237558,100.0,0.0,507.8,18.946239732464065,19.4,3.7202150475476548,205.2,28.18084455796171,207.6,69.46250787295259,0.0,0.0,40.0,0.0,19.6,1.2,11.6,3.2,8.8,2.7856776554368237
strike,打击阶段（固定 $\Phi=2$）,soft_random,网络压制-随机攻击,0.5,5,1.0,0.0,0.34147406543301584,0.0439070276068931,0.10406141391756782,0.03419649948383889,0.4818451597835279,0.0180457105450446,100.0,0.0,507.8,18.946239732464065,14.2,4.534313619501853,137.0,11.64474130240771,96.2,34.75859605910457,0.0,0.0,50.0,0.0,25.0,1.5491933384829668,14.4,2.5768197453450252,10.6,1.4966629547095764
strike,打击阶段（固定 $\Phi=2$）,soft_random,网络压制-随机攻击,0.6,5,1.0,0.0,0.22053716964388476,0.016151485381909945,0.04630711952352292,0.019003643788793316,0.4222814297224692,0.004426442842835673,100.0,0.0,507.8,18.946239732464065,7.6,2.5768197453450252,84.2,6.615134163416491,41.4,18.006665432555803,0.0,0.0,60.0,0.0,30.0,0.6324555320336759,18.0,1.4142135623730951,12.0,1.2649110640673518
strike,打击阶段（固定 $\Phi=2$）,soft_random,网络压制-随机攻击,0.7,5,1.0,0.0,0.12774900824685093,0.01645896940708814,0.01672034207849215,0.008065419533053465,0.38148978344178097,0.006301746385115838,100.0,0.0,507.8,18.946239732464065,4.2,1.8330302779823358,48.6,6.974238309665077,14.8,8.084553172563094,0.0,0.0,70.0,0.0,34.0,1.0954451150103321,21.0,1.4142135623730951,15.0,0.6324555320336759
strike,打击阶段（固定 $\Phi=2$）,soft_random,网络压制-随机攻击,0.8,5,1.0,0.0,0.06468577792065269,0.01847491998913549,0.00905298878274987,0.009968389581731268,0.3579129222344675,0.00931559561617081,100.0,0.0,507.8,18.946239732464065,2.0,1.4142135623730951,22.0,6.131883886702357,8.0,9.528903399657276,0.0,0.0,80.0,0.0,38.6,1.3564659966250538,24.6,1.3564659966250538,16.8,0.39999999999999997
strike,打击阶段（固定 $\Phi=2$）,soft_random,网络压制-随机攻击,0.9,5,1.0,0.0,0.008848382356517448,0.002922645998936876,0.0005585306886422166,0.0006840591092112561,0.3364689710150532,0.0009775553564072492,100.0,0.0,507.8,18.946239732464065,0.2,0.4000000000000001,6.8,2.9257477676655586,0.4,0.48989794855663565,0.0,0.0,90.0,0.0,43.0,1.2649110640673518,28.4,0.7999999999999999,18.6,1.2
strike,打击阶段（固定 $\Phi=2$）,soft_random,网络压制-随机攻击,1.0,5,1.0,0.0,0.0,0.0,0.0,0.0,0.3333333333333333,0.0,100.0,0.0,507.8,18.946239732464065,0.0,0.0,0.0,0.0,0.0,0.0,0.0,0.0,100.0,0.0,50.0,0.0,30.0,0.0,20.0,0.0
strike,打击阶段（固定 $\Phi=2$）,soft_role_decider,网络压制-角色导向(D→拓扑),0.0,5,1.0,0.0,1.0,4.965068306494546e-17,1.0,0.0,1.0,9.930136612989092e-17,100.0,0.0,507.8,18.946239732464065,53.4,7.863841300535,572.4,29.567549780122125,983.6,52.8454349967904,0.0,0.0,0.0,0.0,0.0,0.0,0.0,0.0,0.0,0.0
strike,打击阶段（固定 $\Phi=2$）,soft_role_decider,网络压制-角色导向(D→拓扑),0.1,5,1.0,0.0,0.7672438904505869,0.013915991403160022,0.9051112914729753,0.09420983997501572,0.8907850606411873,0.03375318703235012,100.0,0.0,507.8,18.946239732464065,34.0,3.40587727318528,426.6,19.022092419079453,887.2,127.83802251286586,0.0,0.0,10.0,0.0,0.0,0.0,10.0,0.0,0.0,0.0
strike,打击阶段（固定 $\Phi=2$）,soft_role_decider,网络压制-角色导向(D→拓扑),0.2,5,1.0,0.0,0.551681812227165,0.012495901630147162,0.4719991740214515,0.0652150472714913,0.6745603287495389,0.018423246796615295,100.0,0.0,507.8,18.946239732464065,21.6,3.2,297.8,17.186040847152668,455.8,78.55545811717987,0.0,0.0,20.0,0.0,0.0,0.0,20.0,0.0,0.0,0.0
strike,打击阶段（固定 $\Phi=2$）,soft_role_decider,网络压制-角色导向(D→拓扑),0.3,5,1.0,0.0,0.3188444085221485,0.006306066221170023,0.0,0.0,0.43961480284071613,0.0021020220737233202,100.0,0.0,507.8,18.946239732464065,12.6,2.0591260281974,188.8,18.312837027615355,0.0,0.0,0.0,0.0,30.0,0.0,0.0,0.0,30.0,0.0,0.0,0.0
strike,打击阶段（固定 $\Phi=2$）,soft_role_decider,网络压制-角色导向(D→拓扑),0.4,5,1.0,0.0,0.24147680714534142,0.005916848002392893,0.0,0.0,0.41382560238178046,0.001972282667464291,100.0,0.0,507.8,18.946239732464065,7.0,2.1908902300206643,120.4,8.42852300228219,0.0,0.0,0.0,0.0,40.0,0.0,8.6,0.4898979485566356,30.0,0.0,1.4,0.4898979485566356
strike,打击阶段（固定 $\Phi=2$）,soft_role_decider,网络压制-角色导向(D→拓扑),0.5,5,1.0,0.0,0.18272364620936826,0.008633144644913038,0.0,0.0,0.39424121540312274,0.0028777148816376843,100.0,0.0,507.8,18.946239732464065,5.0,2.0976176963403033,85.2,12.496399481450648,0.0,0.0,0.0,0.0,50.0,0.0,15.8,0.7483314773547882,30.0,0.0,4.2,0.7483314773547882
strike,打击阶段（固定 $\Phi=2$）,soft_role_decider,网络压制-角色导向(D→拓扑),0.6,5,1.0,0.0,0.12881717916040158,0.00987646004470511,0.0,0.0,0.37627239305346716,0.0032921533482350353,100.0,0.0,507.8,18.946239732464065,3.4,1.4966629547095764,50.0,8.099382692526634,0.0,0.0,0.0,0.0,60.0,0.0,23.4,2.0591260281974,30.0,0.0,6.6,2.0591260281974
strike,打击阶段（固定 $\Phi=2$）,soft_role_decider,网络压制-角色导向(D→拓扑),0.7,5,1.0,0.0,0.08775163743369993,0.01217505284224108,0.0,0.0,0.36258387914456663,0.004058350947413687,100.0,0.0,507.8,18.946239732464065,2.0,0.6324555320336759,27.2,4.66476151587624,0.0,0.0,0.0,0.0,70.0,0.0,30.6,1.4966629547095767,30.0,0.0,9.4,1.4966629547095764
strike,打击阶段（固定 $\Phi=2$）,soft_role_decider,网络压制-角色导向(D→拓扑),0.8,5,1.0,0.0,0.04470110686676383,0.014181763920845884,0.0,0.0,0.34823370228892125,0.004727254640281955,100.0,0.0,507.8,18.946239732464065,1.0,0.8944271909999159,16.8,6.013318551349164,0.0,0.0,0.0,0.0,80.0,0.0,36.4,1.0198039027185568,30.0,0.0,13.6,1.0198039027185568
strike,打击阶段（固定 $\Phi=2$）,soft_role_decider,网络压制-角色导向(D→拓扑),0.9,5,1.0,0.0,0.011759206427412901,0.0044683791068725635,0.0,0.0,0.33725306880913763,0.0014894597022908564,100.0,0.0,507.8,18.946239732464065,0.0,0.0,4.0,1.7888543819998317,0.0,0.0,0.0,0.0,90.0,0.0,42.8,0.9797958971132711,30.0,0.0,17.2,0.9797958971132713
strike,打击阶段（固定 $\Phi=2$）,soft_role_decider,网络压制-角色导向(D→拓扑),1.0,5,1.0,0.0,0.0,0.0,0.0,0.0,0.3333333333333333,0.0,100.0,0.0,507.8,18.946239732464065,0.0,0.0,0.0,0.0,0.0,0.0,0.0,0.0,100.0,0.0,50.0,0.0,30.0,0.0,20.0,0.0
strike,打击阶段（固定 $\Phi=2$）,soft_topology,网络压制-拓扑导向,0.0,5,1.0,0.0,1.0,4.965068306494546e-17,1.0,0.0,1.0,9.930136612989092e-17,100.0,0.0,507.8,18.946239732464065,53.4,7.863841300535,572.4,29.567549780122125,983.6,52.8454349967904,0.0,0.0,0.0,0.0,0.0,0.0,0.0,0.0,0.0,0.0
strike,打击阶段（固定 $\Phi=2$）,soft_topology,网络压制-拓扑导向,0.1,5,1.0,0.0,0.888381390569424,0.02589318936742984,0.7913740969504409,0.148820071596166,0.8932518291732883,0.04949434300322822,100.0,0.0,507.8,18.946239732464065,42.0,8.67179335547152,418.2,22.157617200412144,772.6,171.88437974405934,0.0,0.0,10.0,0.0,7.4,1.2,1.8,0.7483314773547883,0.8,0.7483314773547883
strike,打击阶段（固定 $\Phi=2$）,soft_topology,网络压制-拓扑导向,0.2,5,1.0,0.0,0.7450140585466551,0.03493546664673434,0.47310610081312154,0.10132051505426719,0.7393733864532589,0.027229673473639582,100.0,0.0,507.8,18.946239732464065,30.6,5.9194594347794975,322.8,32.57852053117207,456.0,111.73003177301973,0.0,0.0,20.0,0.0,11.6,0.7999999999999999,5.4,1.624807680927192,3.0,1.0954451150103321
strike,打击阶段（固定 $\Phi=2$）,soft_topology,网络压制-拓扑导向,0.3,5,1.0,0.0,0.6319797331514201,0.03586925637954483,0.33081304563283714,0.09478169062521868,0.6542642595947523,0.028945651303788685,100.0,0.0,507.8,18.946239732464065,25.8,5.844655678480983,246.2,29.94929047573581,316.2,100.07876897724113,0.0,0.0,30.0,0.0,17.6,2.0591260281974,8.4,2.65329983228432,4.0,1.0954451150103321
strike,打击阶段（固定 $\Phi=2$）,soft_topology,网络压制-拓扑导向,0.4,5,1.0,0.0,0.5045151570201731,0.026174020278446387,0.16812580898654608,0.02590588078133552,0.5575469886689064,0.010934241623936719,100.0,0.0,507.8,18.946239732464065,19.8,3.3105890714493698,170.6,16.692513291892265,156.4,18.810635289643994,0.0,0.0,40.0,0.0,21.8,1.9390719429665315,12.6,2.33238075793812,5.6,1.4966629547095764
strike,打击阶段（固定 $\Phi=2$）,soft_topology,网络压制-拓扑导向,0.5,5,1.0,0.0,0.3692514906931334,0.03303551232502339,0.06850422009368633,0.026625012740661202,0.47925190359560654,0.018018356056954753,100.0,0.0,507.8,18.946239732464065,12.8,0.7483314773547882,109.8,14.048487463068756,60.4,20.480234373658913,0.0,0.0,50.0,0.0,25.8,2.4819347291981715,17.0,1.4142135623730951,7.2,2.3151673805580453
strike,打击阶段（固定 $\Phi=2$）,soft_topology,网络压制-拓扑导向,0.6,5,1.0,0.0,0.2743952109565631,0.024636468692475814,0.04123271536269137,0.008161399841896783,0.43854264210641813,0.010566736363715483,100.0,0.0,507.8,18.946239732464065,9.4,1.3564659966250536,74.4,6.406246951218786,36.0,6.418722614352485,0.0,0.0,60.0,0.0,31.8,2.1354156504062622,18.8,0.9797958971132712,9.4,1.4966629547095764
strike,打击阶段（固定 $\Phi=2$）,soft_topology,网络压制-拓扑导向,0.7,5,1.0,0.0,0.17533325814816023,0.032851155399086916,0.014360082583548072,0.006314545129293388,0.39656444691056947,0.011887441941167944,100.0,0.0,507.8,18.946239732464065,5.2,1.32664991614216,48.0,5.549774770204643,12.6,6.280127387243033,0.0,0.0,70.0,0.0,35.6,0.8,21.6,1.3564659966250536,12.8,1.7204650534085253
strike,打击阶段（固定 $\Phi=2$）,soft_topology,网络压制-拓扑导向,0.8,5,1.0,0.0,0.09701935166738032,0.023394625821727442,0.003705682616216753,0.00331050528761327,0.366908344761199,0.008191959028347915,100.0,0.0,507.8,18.946239732464065,2.2,0.7483314773547882,25.4,6.711184694225007,3.2,3.0594117081556713,0.0,0.0,80.0,0.0,41.2,1.16619037896906,23.4,1.0198039027185568,15.4,0.7999999999999999
strike,打击阶段（固定 $\Phi=2$）,soft_topology,网络压制-拓扑导向,0.9,5,1.0,0.0,0.03401361320512014,0.016906425206636124,0.0,0.0,0.34467120440170673,0.005635475068878708,100.0,0.0,507.8,18.946239732464065,0.6,0.48989794855663565,6.6,3.1999999999999997,0.0,0.0,0.0,0.0,90.0,0.0,46.0,0.8944271909999159,25.8,0.7483314773547882,18.2,1.3266499161421599
strike,打击阶段（固定 $\Phi=2$）,soft_topology,网络压制-拓扑导向,1.0,5,1.0,0.0,0.0,0.0,0.0,0.0,0.3333333333333333,0.0,100.0,0.0,507.8,18.946239732464065,0.0,0.0,0.0,0.0,0.0,0.0,0.0,0.0,100.0,0.0,50.0,0.0,30.0,0.0,20.0,0.0
