stage,stage_label,scenario_id,scenario_label,attack_ratio,seed,Q_phy,Q_comm,Q_mis,Q_overall,alive_nodes,phy_edges,comm_edges,mis_edges,valid_paths,attacked_count,jammed_count,affected_sensor_count,affected_decider_count,affected_influencer_count
recon,侦察阶段（固定 $\Phi=1$）,hard_random,硬杀伤-随机攻击,0.0,11,1.0,1.0,1.0,1.0,100,491,150,650,1003,0,0,0,0,0
recon,侦察阶段（固定 $\Phi=1$）,hard_random,硬杀伤-随机攻击,0.0,17,1.0,0.9999999999999999,1.0,0.9999999999999998,100,496,165,673,1003,0,0,0,0,0
recon,侦察阶段（固定 $\Phi=1$）,hard_random,硬杀伤-随机攻击,0.0,23,1.0,1.0,1.0,1.0,100,536,162,719,1015,0,0,0,0,0
recon,侦察阶段（固定 $\Phi=1$）,hard_random,硬杀伤-随机攻击,0.0,29,1.0,1.0,1.0,1.0,100,491,140,688,1002,0,0,0,0,0
recon,侦察阶段（固定 $\Phi=1$）,hard_random,硬杀伤-随机攻击,0.0,35,1.0,1.0,1.0,1.0,100,525,138,678,1010,0,0,0,0,0
recon,侦察阶段（固定 $\Phi=1$）,hard_random,硬杀伤-随机攻击,0.1,11,0.8545925052904779,0.8913500497845257,0.8490566037735848,0.864999719616196,90,387,114,520,911,10,0,5,2,3
recon,侦察阶段（固定 $\Phi=1$）,hard_random,硬杀伤-随机攻击,0.1,17,0.8651191784698588,0.8732535948722076,0.875,0.8711242577806887,90,405,115,549,1002,10,0,6,3,1
recon,侦察阶段（固定 $\Phi=1$）,hard_random,硬杀伤-随机攻击,0.1,23,0.8584366640820127,0.8758186322061116,0.8888888888888888,0.8743813950590043,90,429,133,591,1006,10,0,5,3,2
recon,侦察阶段（固定 $\Phi=1$）,hard_random,硬杀伤-随机攻击,0.1,29,0.856712712167786,0.9033521026598023,0.9375,0.8991882716091961,90,391,110,546,657,10,0,4,3,3
recon,侦察阶段（固定 $\Phi=1$）,hard_random,硬杀伤-随机攻击,0.1,35,0.869275992639436,0.8693435432202544,0.9152542372881355,0.8846245910492753,90,435,113,533,1004,10,0,5,3,2
recon,侦察阶段（固定 $\Phi=1$）,hard_random,硬杀伤-随机攻击,0.2,11,0.7314855189715674,0.7853378639658756,0.7358490566037735,0.7508908131804054,80,310,97,437,666,20,0,10,4,6
recon,侦察阶段（固定 $\Phi=1$）,hard_random,硬杀伤-随机攻击,0.2,17,0.7080922579791068,0.7387665350184109,0.8125,0.7531195976658391,80,305,91,399,724,20,0,11,7,2
recon,侦察阶段（固定 $\Phi=1$）,hard_random,硬杀伤-随机攻击,0.2,23,0.717801731553776,0.7525368251275244,0.8333333333333334,0.7678906300048779,80,327,91,444,651,20,0,10,6,4
recon,侦察阶段（固定 $\Phi=1$）,hard_random,硬杀伤-随机攻击,0.2,29,0.7296475915421345,0.7783067231047447,0.8125,0.7734847715489597,80,312,104,420,482,20,0,9,7,4
recon,侦察阶段（固定 $\Phi=1$）,hard_random,硬杀伤-随机攻击,0.2,35,0.7329493010627243,0.7553917485421688,0.711864406779661,0.7334018187948512,80,338,102,448,826,20,0,9,5,6
recon,侦察阶段（固定 $\Phi=1$）,hard_random,硬杀伤-随机攻击,0.3,11,0.5998910804487728,0.6267893335265857,0.6226415094339622,0.6164406411364403,70,234,70,340,416,30,0,17,5,8
recon,侦察阶段（固定 $\Phi=1$）,hard_random,硬杀伤-随机攻击,0.3,17,0.5769752274063679,0.6159343156823046,0.625,0.6059698476962241,70,225,68,296,400,30,0,13,12,5
recon,侦察阶段（固定 $\Phi=1$）,hard_random,硬杀伤-随机攻击,0.3,23,0.6062089491908405,0.6518708554975939,0.7222222222222222,0.6601006756368855,70,255,75,350,482,30,0,17,7,6
recon,侦察阶段（固定 $\Phi=1$）,hard_random,硬杀伤-随机攻击,0.3,29,0.5876174198092572,0.6615763881294813,0.6875,0.6455646026462462,70,226,80,311,177,30,0,17,7,6
recon,侦察阶段（固定 $\Phi=1$）,hard_random,硬杀伤-随机攻击,0.3,35,0.6220644096842505,0.6292073677544149,0.5084745762711864,0.586582117903284,70,269,87,390,636,30,0,13,7,10
recon,侦察阶段（固定 $\Phi=1$）,hard_random,硬杀伤-随机攻击,0.4,11,0.4687005430238386,0.5147615677295216,0.5094339622641509,0.4976320243391703,60,175,59,263,193,40,0,21,8,11
recon,侦察阶段（固定 $\Phi=1$）,hard_random,硬杀伤-随机攻击,0.4,17,0.479372481757792,0.45912262469907916,0.5625,0.5003317021522904,60,167,45,202,166,40,0,18,17,5
recon,侦察阶段（固定 $\Phi=1$）,hard_random,硬杀伤-随机攻击,0.4,23,0.48905975221542247,0.553538803694458,0.4444444444444444,0.4956810001181083,60,186,57,261,254,40,0,19,11,10
recon,侦察阶段（固定 $\Phi=1$）,hard_random,硬杀伤-随机攻击,0.4,29,0.4644854492529154,0.5078420660834602,0.6875,0.5532758384454585,60,162,43,198,147,40,0,21,13,6
recon,侦察阶段（固定 $\Phi=1$）,hard_random,硬杀伤-随机攻击,0.4,35,0.49438902533620244,0.5179043935107821,0.4067796610169491,0.47302435995464454,60,190,61,280,318,40,0,19,9,12
recon,侦察阶段（固定 $\Phi=1$）,hard_random,硬杀伤-随机攻击,0.5,11,0.3342279838433496,0.3747431938028432,0.3962264150943396,0.3683991975801775,50,115,37,170,74,50,0,28,10,12
recon,侦察阶段（固定 $\Phi=1$）,hard_random,硬杀伤-随机攻击,0.5,17,0.36753005002486017,0.35205728893894905,0.375,0.36486244632126974,50,113,38,136,69,50,0,24,18,8
recon,侦察阶段（固定 $\Phi=1$）,hard_random,硬杀伤-随机攻击,0.5,23,0.37653096551420673,0.42703639991807346,0.3333333333333333,0.37896689958853785,50,130,44,178,136,50,0,24,15,11
recon,侦察阶段（固定 $\Phi=1$）,hard_random,硬杀伤-随机攻击,0.5,29,0.37394746338998824,0.4115669298049579,0.5,0.42850479773164873,50,123,34,158,98,50,0,25,15,10
recon,侦察阶段（固定 $\Phi=1$）,hard_random,硬杀伤-随机攻击,0.5,35,0.3620724521374871,0.38600281570821054,0.3559322033898305,0.36800249041184274,50,122,38,163,116,50,0,24,14,12
recon,侦察阶段（固定 $\Phi=1$）,hard_random,硬杀伤-随机攻击,0.6,11,0.20415665045277206,0.2312055672157608,0.056603773584905655,0.16398866375114618,40,69,19,105,17,60,0,31,16,13
recon,侦察阶段（固定 $\Phi=1$）,hard_random,硬杀伤-随机攻击,0.6,17,0.2567200956184732,0.2628858558142641,0.25,0.25653531714424577,40,70,26,86,31,60,0,30,20,10
recon,侦察阶段（固定 $\Phi=1$）,hard_random,硬杀伤-随机攻击,0.6,23,0.24885247848107186,0.29968353228228545,0.3333333333333333,0.2939564480322302,40,84,30,99,54,60,0,30,19,11
recon,侦察阶段（固定 $\Phi=1$）,hard_random,硬杀伤-随机攻击,0.6,29,0.2460140783595458,0.29880321164630547,0.375,0.3066057633352838,40,78,31,108,47,60,0,30,17,13
recon,侦察阶段（固定 $\Phi=1$）,hard_random,硬杀伤-随机攻击,0.6,35,0.27109346973235254,0.28338718639246313,0.30508474576271183,0.2865218006291758,40,79,32,100,62,60,0,29,18,13
recon,侦察阶段（固定 $\Phi=1$）,hard_random,硬杀伤-随机攻击,0.7,11,0.14637078407256113,0.1603951236472668,0.056603773584905655,0.12112322710157786,30,44,7,62,14,70,0,36,19,15
recon,侦察阶段（固定 $\Phi=1$）,hard_random,硬杀伤-随机攻击,0.7,17,0.13067244516144896,0.18265527209909224,0.0625,0.12527590575351374,30,34,12,52,1,70,0,33,22,15
recon,侦察阶段（固定 $\Phi=1$）,hard_random,硬杀伤-随机攻击,0.7,23,0.165175392345747,0.21522871390875456,0.1111111111111111,0.16383840578853753,30,48,19,66,6,70,0,34,21,15
recon,侦察阶段（固定 $\Phi=1$）,hard_random,硬杀伤-随机攻击,0.7,29,0.16082014033143827,0.1539699813639945,0.25,0.18826337389847758,30,45,9,66,34,70,0,34,20,16
recon,侦察阶段（固定 $\Phi=1$）,hard_random,硬杀伤-随机攻击,0.7,35,0.16580931573861937,0.14999109248468404,0.20338983050847456,0.17306341291059263,30,46,11,50,25,70,0,33,23,14
recon,侦察阶段（固定 $\Phi=1$）,hard_random,硬杀伤-随机攻击,0.8,11,0.10024345057689502,0.1008705689459557,0.056603773584905655,0.08590593103591879,20,24,10,32,12,80,0,41,22,17
recon,侦察阶段（固定 $\Phi=1$）,hard_random,硬杀伤-随机攻击,0.8,17,0.06165935729169855,0.08478380089176485,0.0,0.048814386061154465,20,13,6,23,0,80,0,38,25,17
recon,侦察阶段（固定 $\Phi=1$）,hard_random,硬杀伤-随机攻击,0.8,23,0.08271018222470801,0.09881915974399762,0.1111111111111111,0.09754681769327224,20,21,6,26,6,80,0,39,25,16
recon,侦察阶段（固定 $\Phi=1$）,hard_random,硬杀伤-随机攻击,0.8,29,0.08277951678304342,0.08189243650114614,0.0625,0.07572398442806318,20,17,3,27,4,80,0,38,25,17
recon,侦察阶段（固定 $\Phi=1$）,hard_random,硬杀伤-随机攻击,0.8,35,0.07501218937042176,0.08471978868898508,0.05084745762711864,0.07019314522884182,20,19,3,23,1,80,0,37,26,17
recon,侦察阶段（固定 $\Phi=1$）,hard_random,硬杀伤-随机攻击,0.9,11,0.046767914943736937,0.032174476998861515,0.0,0.026314130647532817,10,8,1,8,0,90,0,45,28,17
recon,侦察阶段（固定 $\Phi=1$）,hard_random,硬杀伤-随机攻击,0.9,17,0.02974812053916617,0.03832016376067186,0.0,0.022689428099946007,10,6,1,12,0,90,0,43,27,20
recon,侦察阶段（固定 $\Phi=1$）,hard_random,硬杀伤-随机攻击,0.9,23,0.008821604118480037,0.013634471856793918,0.0,0.007485358658424651,10,3,0,4,0,90,0,43,29,18
recon,侦察阶段（固定 $\Phi=1$）,hard_random,硬杀伤-随机攻击,0.9,29,0.031252205055286884,0.04028660052383597,0.0,0.023846268526374285,10,6,2,12,0,90,0,41,29,20
recon,侦察阶段（固定 $\Phi=1$）,hard_random,硬杀伤-随机攻击,0.9,35,0.005109879736787439,0.01970697979943028,0.0,0.008272286512072572,10,2,2,2,0,90,0,43,29,18
recon,侦察阶段（固定 $\Phi=1$）,hard_random,硬杀伤-随机攻击,1.0,11,0.0,0.0,0.0,0.0,0,0,0,0,0,100,0,50,30,20
recon,侦察阶段（固定 $\Phi=1$）,hard_random,硬杀伤-随机攻击,1.0,17,0.0,0.0,0.0,0.0,0,0,0,0,0,100,0,50,30,20
recon,侦察阶段（固定 $\Phi=1$）,hard_random,硬杀伤-随机攻击,1.0,23,0.0,0.0,0.0,0.0,0,0,0,0,0,100,0,50,30,20
recon,侦察阶段（固定 $\Phi=1$）,hard_random,硬杀伤-随机攻击,1.0,29,0.0,0.0,0.0,0.0,0,0,0,0,0,100,0,50,30,20
recon,侦察阶段（固定 $\Phi=1$）,hard_random,硬杀伤-随机攻击,1.0,35,0.0,0.0,0.0,0.0,0,0,0,0,0,100,0,50,30,20
recon,侦察阶段（固定 $\Phi=1$）,hard_topology,硬杀伤-拓扑导向,0.0,11,1.0,1.0,1.0,1.0,100,491,150,650,1003,0,0,0,0,0
recon,侦察阶段（固定 $\Phi=1$）,hard_topology,硬杀伤-拓扑导向,0.0,17,1.0,0.9999999999999999,1.0,0.9999999999999998,100,496,165,673,1003,0,0,0,0,0
recon,侦察阶段（固定 $\Phi=1$）,hard_topology,硬杀伤-拓扑导向,0.0,23,1.0,1.0,1.0,1.0,100,536,162,719,1015,0,0,0,0,0
recon,侦察阶段（固定 $\Phi=1$）,hard_topology,硬杀伤-拓扑导向,0.0,29,1.0,1.0,1.0,1.0,100,491,140,688,1002,0,0,0,0,0
recon,侦察阶段（固定 $\Phi=1$）,hard_topology,硬杀伤-拓扑导向,0.0,35,1.0,1.0,1.0,1.0,100,525,138,678,1010,0,0,0,0,0
recon,侦察阶段（固定 $\Phi=1$）,hard_topology,硬杀伤-拓扑导向,0.1,11,0.8294065363194673,0.8851909734275302,0.830188679245283,0.8482620629974267,90,370,118,507,775,10,0,6,2,2
recon,侦察阶段（固定 $\Phi=1$）,hard_topology,硬杀伤-拓扑导向,0.1,17,0.828016805642998,0.8547544963720323,1.0,0.8942571006716766,90,374,116,485,1003,10,0,9,1,0
recon,侦察阶段（固定 $\Phi=1$）,hard_topology,硬杀伤-拓扑导向,0.1,23,0.821014732861842,0.8780131407639035,0.9444444444444444,0.88115743935673,90,395,124,509,1012,10,0,6,3,1
recon,侦察阶段（固定 $\Phi=1$）,hard_topology,硬杀伤-拓扑导向,0.1,29,0.8187068992789666,0.8549664960877734,1.0,0.8912244651222465,90,362,99,464,597,10,0,8,2,0
recon,侦察阶段（固定 $\Phi=1$）,hard_topology,硬杀伤-拓扑导向,0.1,35,0.8179985136076305,0.867078430925842,0.9661016949152542,0.8837262131495756,90,389,90,494,804,10,0,8,1,1
recon,侦察阶段（固定 $\Phi=1$）,hard_topology,硬杀伤-拓扑导向,0.2,11,0.6771180086246492,0.7523517627179229,0.5094339622641509,0.6463012445355744,80,277,87,372,413,20,0,13,3,4
recon,侦察阶段（固定 $\Phi=1$）,hard_topology,硬杀伤-拓扑导向,0.2,17,0.6915191952712968,0.7330619957014365,0.75,0.7248603969909111,80,305,87,407,761,20,0,11,6,3
recon,侦察阶段（固定 $\Phi=1$）,hard_topology,硬杀伤-拓扑导向,0.2,23,0.6793810091475253,0.7583349505118465,0.6111111111111112,0.6829423569234943,80,297,107,413,600,20,0,11,5,4
recon,侦察阶段（固定 $\Phi=1$）,hard_topology,硬杀伤-拓扑导向,0.2,29,0.6697610463214848,0.7247900482874092,0.9166666666666666,0.7704059204251869,80,271,74,314,322,20,0,11,8,1
recon,侦察阶段（固定 $\Phi=1$）,hard_topology,硬杀伤-拓扑导向,0.2,35,0.6706233260407665,0.7320414589756268,0.8644067796610169,0.7556905215591367,80,290,74,374,454,20,0,12,5,3
recon,侦察阶段（固定 $\Phi=1$）,hard_topology,硬杀伤-拓扑导向,0.3,11,0.5377138923382265,0.5973152951491779,0.490566037735849,0.5418650750744178,70,204,65,256,226,30,0,21,5,4
recon,侦察阶段（固定 $\Phi=1$）,hard_topology,硬杀伤-拓扑导向,0.3,17,0.5811932103126691,0.59316674622919,0.6875,0.620619985513953,70,241,67,312,531,30,0,18,8,4
recon,侦察阶段（固定 $\Phi=1$）,hard_topology,硬杀伤-拓扑导向,0.3,23,0.5434154795944623,0.6395049239255697,0.6111111111111112,0.5980105048770477,70,223,73,305,365,30,0,18,7,5
recon,侦察阶段（固定 $\Phi=1$）,hard_topology,硬杀伤-拓扑导向,0.3,29,0.5504826036354507,0.5774291708416464,0.8541666666666666,0.6606928137145879,70,210,64,223,238,30,0,15,13,2
recon,侦察阶段（固定 $\Phi=1$）,hard_topology,硬杀伤-拓扑导向,0.3,35,0.5597058510473342,0.6169955495908539,0.6610169491525424,0.6125727832635768,70,224,66,293,280,30,0,16,9,5
recon,侦察阶段（固定 $\Phi=1$）,hard_topology,硬杀伤-拓扑导向,0.4,11,0.409522131711189,0.49094622364273405,0.33962264150943394,0.4133636656211189,60,145,43,178,143,40,0,25,10,5
recon,侦察阶段（固定 $\Phi=1$）,hard_topology,硬杀伤-拓扑导向,0.4,17,0.4452576134412921,0.48047414281378176,0.4375,0.45441058541835794,60,153,43,201,184,40,0,20,14,6
recon,侦察阶段（固定 $\Phi=1$）,hard_topology,硬杀伤-拓扑导向,0.4,23,0.43161186484250075,0.5214114916624975,0.6111111111111112,0.5213781558720365,60,159,43,215,178,40,0,23,10,7
recon,侦察阶段（固定 $\Phi=1$）,hard_topology,硬杀伤-拓扑导向,0.4,29,0.4605793222695448,0.45724096299169764,0.75,0.5559400950870808,60,169,40,165,160,40,0,21,16,3
recon,侦察阶段（固定 $\Phi=1$）,hard_topology,硬杀伤-拓扑导向,0.4,35,0.4426701423531782,0.49691958089204047,0.45762711864406774,0.4657389472964288,60,162,49,210,166,40,0,20,13,7
recon,侦察阶段（固定 $\Phi=1$）,hard_topology,硬杀伤-拓扑导向,0.5,11,0.29119189786371524,0.354388202680208,0.22641509433962262,0.29066506496118194,50,97,20,106,43,50,0,28,16,6
recon,侦察阶段（固定 $\Phi=1$）,hard_topology,硬杀伤-拓扑导向,0.5,17,0.3097784696365028,0.36588523447671367,0.375,0.35022123470440547,50,94,33,115,45,50,0,26,17,7
recon,侦察阶段（固定 $\Phi=1$）,hard_topology,硬杀伤-拓扑导向,0.5,23,0.32928295986455364,0.365384980885448,0.5,0.3982226469166672,50,114,22,147,67,50,0,27,15,8
recon,侦察阶段（固定 $\Phi=1$）,hard_topology,硬杀伤-拓扑导向,0.5,29,0.3299424119392441,0.345208430692369,0.5625,0.41255028087720436,50,115,30,108,85,50,0,27,19,4
recon,侦察阶段（固定 $\Phi=1$）,hard_topology,硬杀伤-拓扑导向,0.5,35,0.3207961037364927,0.40606683904774044,0.4067796610169491,0.3778808679337274,50,110,30,151,94,50,0,21,18,11
recon,侦察阶段（固定 $\Phi=1$）,hard_topology,硬杀伤-拓扑导向,0.6,11,0.21720978750602718,0.2265252864489451,0.11320754716981131,0.18564754037492787,40,75,16,72,34,60,0,35,17,8
recon,侦察阶段（固定 $\Phi=1$）,hard_topology,硬杀伤-拓扑导向,0.6,17,0.21607299081931763,0.27402537001171523,0.3125,0.2675327869436776,40,59,21,74,34,60,0,33,19,8
recon,侦察阶段（固定 $\Phi=1$）,hard_topology,硬杀伤-拓扑导向,0.6,23,0.23892210226985947,0.25286465231328936,0.3333333333333333,0.27504002930549404,40,75,25,95,33,60,0,32,19,9
recon,侦察阶段（固定 $\Phi=1$）,hard_topology,硬杀伤-拓扑导向,0.6,29,0.2590519208014642,0.2859735790691564,0.375,0.3066751666235402,40,75,26,86,45,60,0,30,20,10
recon,侦察阶段（固定 $\Phi=1$）,hard_topology,硬杀伤-拓扑导向,0.6,35,0.24126122183562068,0.3083723703334143,0.4067796610169491,0.3188044177286613,40,75,20,92,46,60,0,29,19,12
recon,侦察阶段（固定 $\Phi=1$）,hard_topology,硬杀伤-拓扑导向,0.7,11,0.15421659999745513,0.18531625045613836,0.056603773584905655,0.13204554134616636,30,45,11,59,14,70,0,36,20,14
recon,侦察阶段（固定 $\Phi=1$）,hard_topology,硬杀伤-拓扑导向,0.7,17,0.1282717228171947,0.19064130346788852,0.0625,0.12713767542836107,30,30,11,41,1,70,0,36,22,12
recon,侦察阶段（固定 $\Phi=1$）,hard_topology,硬杀伤-拓扑导向,0.7,23,0.1552367260581594,0.17463443938929155,0.1111111111111111,0.14699409218618736,30,44,19,61,17,70,0,36,21,13
recon,侦察阶段（固定 $\Phi=1$）,hard_topology,硬杀伤-拓扑导向,0.7,29,0.1867633893044937,0.14472725471725126,0.1875,0.17299688134058167,30,48,7,45,10,70,0,36,24,10
recon,侦察阶段（固定 $\Phi=1$）,hard_topology,硬杀伤-拓扑导向,0.7,35,0.14163346383077186,0.2051679408884005,0.15254237288135591,0.16644792586684276,30,37,16,55,11,70,0,34,21,15
recon,侦察阶段（固定 $\Phi=1$）,hard_topology,硬杀伤-拓扑导向,0.8,11,0.06305175470011463,0.09206618782795092,0.0,0.051705980842688515,20,14,5,18,0,80,0,40,25,15
recon,侦察阶段（固定 $\Phi=1$）,hard_topology,硬杀伤-拓扑导向,0.8,17,0.08350983287382154,0.11538131546475222,0.0625,0.08713038277952458,20,20,7,27,1,80,0,43,23,14
recon,侦察阶段（固定 $\Phi=1$）,hard_topology,硬杀伤-拓扑导向,0.8,23,0.07780132129135561,0.09993246813809165,0.05555555555555555,0.07776311499500094,20,22,7,38,8,80,0,41,23,16
recon,侦察阶段（固定 $\Phi=1$）,hard_topology,硬杀伤-拓扑导向,0.8,29,0.09822482779315372,0.10965810403511839,0.0,0.06929431060942404,20,18,8,25,0,80,0,40,24,16
recon,侦察阶段（固定 $\Phi=1$）,hard_topology,硬杀伤-拓扑导向,0.8,35,0.06311486321123903,0.12195774618499311,0.13559322033898302,0.10688860991173837,20,16,7,22,4,80,0,42,22,16
recon,侦察阶段（固定 $\Phi=1$）,hard_topology,硬杀伤-拓扑导向,0.9,11,0.00806620052410982,0.043911758728146365,0.0,0.01732598641741873,10,3,2,6,0,90,0,45,26,19
recon,侦察阶段（固定 $\Phi=1$）,hard_topology,硬杀伤-拓扑导向,0.9,17,0.01082608273390253,0.025826831159432934,0.0,0.012217637964445154,10,4,2,4,0,90,0,47,27,16
recon,侦察阶段（固定 $\Phi=1$）,hard_topology,硬杀伤-拓扑导向,0.9,23,0.034324440596022014,0.05087011970063809,0.0,0.028398186765553366,10,7,2,14,0,90,0,45,25,20
recon,侦察阶段（固定 $\Phi=1$）,hard_topology,硬杀伤-拓扑导向,0.9,29,0.008064275336602658,0.02958754433074595,0.0,0.012550606555782868,10,3,2,3,0,90,0,46,26,18
recon,侦察阶段（固定 $\Phi=1$）,hard_topology,硬杀伤-拓扑导向,0.9,35,0.02707677806950727,0.039185922439907483,0.0,0.022087566836471582,10,5,2,8,0,90,0,47,25,18
recon,侦察阶段（固定 $\Phi=1$）,hard_topology,硬杀伤-拓扑导向,1.0,11,0.0,0.0,0.0,0.0,0,0,0,0,0,100,0,50,30,20
recon,侦察阶段（固定 $\Phi=1$）,hard_topology,硬杀伤-拓扑导向,1.0,17,0.0,0.0,0.0,0.0,0,0,0,0,0,100,0,50,30,20
recon,侦察阶段（固定 $\Phi=1$）,hard_topology,硬杀伤-拓扑导向,1.0,23,0.0,0.0,0.0,0.0,0,0,0,0,0,100,0,50,30,20
recon,侦察阶段（固定 $\Phi=1$）,hard_topology,硬杀伤-拓扑导向,1.0,29,0.0,0.0,0.0,0.0,0,0,0,0,0,100,0,50,30,20
recon,侦察阶段（固定 $\Phi=1$）,hard_topology,硬杀伤-拓扑导向,1.0,35,0.0,0.0,0.0,0.0,0,0,0,0,0,100,0,50,30,20
recon,侦察阶段（固定 $\Phi=1$）,hard_role_decider,硬杀伤-角色导向(D→拓扑),0.0,11,1.0,1.0,1.0,1.0,100,491,150,650,1003,0,0,0,0,0
recon,侦察阶段（固定 $\Phi=1$）,hard_role_decider,硬杀伤-角色导向(D→拓扑),0.0,17,1.0,0.9999999999999999,1.0,0.9999999999999998,100,496,165,673,1003,0,0,0,0,0
recon,侦察阶段（固定 $\Phi=1$）,hard_role_decider,硬杀伤-角色导向(D→拓扑),0.0,23,1.0,1.0,1.0,1.0,100,536,162,719,1015,0,0,0,0,0
recon,侦察阶段（固定 $\Phi=1$）,hard_role_decider,硬杀伤-角色导向(D→拓扑),0.0,29,1.0,1.0,1.0,1.0,100,491,140,688,1002,0,0,0,0,0
recon,侦察阶段（固定 $\Phi=1$）,hard_role_decider,硬杀伤-角色导向(D→拓扑),0.0,35,1.0,1.0,1.0,1.0,100,525,138,678,1010,0,0,0,0,0
recon,侦察阶段（固定 $\Phi=1$）,hard_role_decider,硬杀伤-角色导向(D→拓扑),0.1,11,0.8340453145420765,0.8229651435068447,0.7169811320754716,0.7913305300414641,90,373,111,457,401,10,0,0,10,0
recon,侦察阶段（固定 $\Phi=1$）,hard_role_decider,硬杀伤-角色导向(D→拓扑),0.1,17,0.8240235466120741,0.7994628877871103,0.75,0.7911621447997281,90,374,87,462,626,10,0,0,10,0
recon,侦察阶段（固定 $\Phi=1$）,hard_role_decider,硬杀伤-角色导向(D→拓扑),0.1,23,0.8244701955938696,0.8175691352897534,0.8333333333333334,0.8251242214056521,90,401,108,487,738,10,0,0,10,0
recon,侦察阶段（固定 $\Phi=1$）,hard_role_decider,硬杀伤-角色导向(D→拓扑),0.1,29,0.8214940764171468,0.8473248683051003,1.0,0.8896063149074156,90,368,81,455,690,10,0,0,10,0
recon,侦察阶段（固定 $\Phi=1$）,hard_role_decider,硬杀伤-角色导向(D→拓扑),0.1,35,0.8286867368876983,0.8050884412767287,0.711864406779661,0.7818798616480294,90,396,91,465,645,10,0,0,10,0
recon,侦察阶段（固定 $\Phi=1$）,hard_role_decider,硬杀伤-角色导向(D→拓扑),0.2,11,0.6990951810773766,0.579673462488974,0.4339622641509434,0.5709103025724312,80,294,65,319,89,20,0,0,20,0
recon,侦察阶段（固定 $\Phi=1$）,hard_role_decider,硬杀伤-角色导向(D→拓扑),0.2,17,0.6941709094833817,0.5925508585891441,0.4375,0.5747405893575086,80,285,54,313,137,20,0,0,20,0
recon,侦察阶段（固定 $\Phi=1$）,hard_role_decider,硬杀伤-角色导向(D→拓扑),0.2,23,0.6979042201548217,0.5811026506833898,0.3888888888888889,0.5559652532423668,80,318,57,344,84,20,0,0,20,0
recon,侦察阶段（固定 $\Phi=1$）,hard_role_decider,硬杀伤-角色导向(D→拓扑),0.2,29,0.688297076422497,0.6070222870917217,0.8125,0.7026064545047395,80,284,55,309,222,20,0,0,20,0
recon,侦察阶段（固定 $\Phi=1$）,hard_role_decider,硬杀伤-角色导向(D→拓扑),0.2,35,0.6901265005450896,0.6009971063026593,0.3559322033898305,0.5490186034125265,80,301,57,307,103,20,0,0,20,0
recon,侦察阶段（固定 $\Phi=1$）,hard_role_decider,硬杀伤-角色导向(D→拓扑),0.3,11,0.6142302383890962,0.39191557912403235,0.0,0.3353819391710428,70,251,35,252,0,30,0,0,30,0
recon,侦察阶段（固定 $\Phi=1$）,hard_role_decider,硬杀伤-角色导向(D→拓扑),0.3,17,0.5952389324799264,0.38776260760171255,0.0,0.32766718002721296,70,236,39,232,0,30,0,0,30,0
recon,侦察阶段（固定 $\Phi=1$）,hard_role_decider,硬杀伤-角色导向(D→拓扑),0.3,23,0.6092967898697074,0.4064948322581107,0.0,0.33859720737593935,70,276,47,274,0,30,0,0,30,0
recon,侦察阶段（固定 $\Phi=1$）,hard_role_decider,硬杀伤-角色导向(D→拓扑),0.3,29,0.5816929401854314,0.39771497592555954,0.0,0.32646930537033025,70,229,28,228,0,30,0,0,30,0
recon,侦察阶段（固定 $\Phi=1$）,hard_role_decider,硬杀伤-角色导向(D→拓扑),0.3,35,0.5956645061951121,0.37323970509771165,0.0,0.3229680704309412,70,251,34,226,0,30,0,0,30,0
recon,侦察阶段（固定 $\Phi=1$）,hard_role_decider,硬杀伤-角色导向(D→拓扑),0.4,11,0.47092594518012343,0.29415923440341185,0.0,0.25502839319451176,60,165,19,160,0,40,0,8,30,2
recon,侦察阶段（固定 $\Phi=1$）,hard_role_decider,硬杀伤-角色导向(D→拓扑),0.4,17,0.4344596127475286,0.2814656908558212,0.0,0.23864176786778324,60,155,19,138,0,40,0,9,30,1
recon,侦察阶段（固定 $\Phi=1$）,hard_role_decider,硬杀伤-角色导向(D→拓扑),0.4,23,0.4581519232503224,0.30532734548816015,0.0,0.2544930895794941,60,181,28,162,0,40,0,9,30,1
recon,侦察阶段（固定 $\Phi=1$）,hard_role_decider,硬杀伤-角色导向(D→拓扑),0.4,29,0.45938100029215245,0.2980992577614618,0.0,0.25249341935120473,60,167,20,146,0,40,0,9,30,1
recon,侦察阶段（固定 $\Phi=1$）,hard_role_decider,硬杀伤-角色导向(D→拓扑),0.4,35,0.4578258974232811,0.2920157878014056,0.0,0.24994722840822886,60,169,23,160,0,40,0,8,30,2
recon,侦察阶段（固定 $\Phi=1$）,hard_role_decider,硬杀伤-角色导向(D→拓扑),0.5,11,0.32213113418175526,0.22731897044126487,0.0,0.18315003487434003,50,110,13,100,0,50,0,16,30,4
recon,侦察阶段（固定 $\Phi=1$）,hard_role_decider,硬杀伤-角色导向(D→拓扑),0.5,17,0.3273286133143077,0.21606503340102415,0.0,0.18113121557177728,50,112,19,98,0,50,0,16,30,4
recon,侦察阶段（固定 $\Phi=1$）,hard_role_decider,硬杀伤-角色导向(D→拓扑),0.5,23,0.3280383302799167,0.23908722427906137,0.0,0.18904185151965935,50,127,21,128,0,50,0,15,30,5
recon,侦察阶段（固定 $\Phi=1$）,hard_role_decider,硬杀伤-角色导向(D→拓扑),0.5,29,0.3371955230640598,0.2132903292144364,0.0,0.18349528409283206,50,115,14,82,0,50,0,17,30,3
recon,侦察阶段（固定 $\Phi=1$）,hard_role_decider,硬杀伤-角色导向(D→拓扑),0.5,35,0.3446347844374862,0.21495994989388698,0.0,0.1865315781104577,50,113,17,112,0,50,0,15,30,5
recon,侦察阶段（固定 $\Phi=1$）,hard_role_decider,硬杀伤-角色导向(D→拓扑),0.6,11,0.21057736414236417,0.16123667490753876,0.0,0.1239380130166343,40,67,7,50,0,60,0,25,30,5
recon,侦察阶段（固定 $\Phi=1$）,hard_role_decider,硬杀伤-角色导向(D→拓扑),0.6,17,0.21457169923026226,0.16018865966653312,0.0,0.12492011963226511,40,60,14,58,0,60,0,23,30,7
recon,侦察阶段（固定 $\Phi=1$）,hard_role_decider,硬杀伤-角色导向(D→拓扑),0.6,23,0.22175103109885852,0.14801992272727268,0.0,0.1232569846087104,40,73,7,70,0,60,0,23,30,7
recon,侦察阶段（固定 $\Phi=1$）,hard_role_decider,硬杀伤-角色导向(D→拓扑),0.6,29,0.2469591983407069,0.15615062194646218,0.0,0.134369940095723,40,77,6,46,0,60,0,26,30,4
recon,侦察阶段（固定 $\Phi=1$）,hard_role_decider,硬杀伤-角色导向(D→拓扑),0.6,35,0.23894123102165277,0.1652689856772595,0.0,0.13473673889963741,40,68,12,76,0,60,0,20,30,10
recon,侦察阶段（固定 $\Phi=1$）,hard_role_decider,硬杀伤-角色导向(D→拓扑),0.7,11,0.17967980084347485,0.11264665299761763,0.0,0.09744215128036415,30,51,5,34,0,70,0,32,30,8
recon,侦察阶段（固定 $\Phi=1$）,hard_role_decider,硬杀伤-角色导向(D→拓扑),0.7,17,0.12915156644374914,0.09125316986437833,0.0,0.0734682454360425,30,28,3,20,0,70,0,32,30,8
recon,侦察阶段（固定 $\Phi=1$）,hard_role_decider,硬杀伤-角色导向(D→拓扑),0.7,23,0.14726833624386892,0.09671554586248345,0.0,0.08132796070211745,30,41,9,38,0,70,0,31,30,9
recon,侦察阶段（固定 $\Phi=1$）,hard_role_decider,硬杀伤-角色导向(D→拓扑),0.7,29,0.17729394813958219,0.12133715622161956,0.0,0.09954370145373391,30,45,5,40,0,70,0,30,30,10
recon,侦察阶段（固定 $\Phi=1$）,hard_role_decider,硬杀伤-角色导向(D→拓扑),0.7,35,0.14683978899219316,0.09698768532701611,0.0,0.08127582477306974,30,39,5,38,0,70,0,28,30,12
recon,侦察阶段（固定 $\Phi=1$）,hard_role_decider,硬杀伤-角色导向(D→拓扑),0.8,11,0.11168522663696111,0.0872637639185922,0.0,0.06631633018518443,20,27,4,32,0,80,0,36,30,14
recon,侦察阶段（固定 $\Phi=1$）,hard_role_decider,硬杀伤-角色导向(D→拓扑),0.8,17,0.015358358974885078,0.04605302999571584,0.0,0.020470462990200305,20,9,1,8,0,80,0,38,30,12
recon,侦察阶段（固定 $\Phi=1$）,hard_role_decider,硬杀伤-角色导向(D→拓扑),0.8,23,0.06930474401424679,0.052249219819722886,0.0,0.04051798794465655,20,16,4,18,0,80,0,36,30,14
recon,侦察阶段（固定 $\Phi=1$）,hard_role_decider,硬杀伤-角色导向(D→拓扑),0.8,29,0.12384024310631159,0.06837194316476532,0.0,0.06407072875702563,20,27,4,26,0,80,0,37,30,13
recon,侦察阶段（固定 $\Phi=1$）,hard_role_decider,硬杀伤-角色导向(D→拓扑),0.8,35,0.04680342415076765,0.051656274976431875,0.0,0.032819899709066506,20,13,1,16,0,80,0,35,30,15
recon,侦察阶段（固定 $\Phi=1$）,hard_role_decider,硬杀伤-角色导向(D→拓扑),0.9,11,0.00806620052410982,0.021814373750964677,0.0,0.009960191425024831,10,3,1,4,0,90,0,43,30,17
recon,侦察阶段（固定 $\Phi=1$）,hard_role_decider,硬杀伤-角色导向(D→拓扑),0.9,17,0.008119562050426896,0.012283980960433904,0.0,0.006801181003620266,10,3,0,2,0,90,0,44,30,16
recon,侦察阶段（固定 $\Phi=1$）,hard_role_decider,硬杀伤-角色导向(D→拓扑),0.9,23,0.011448672246148109,0.01535500439726224,0.0,0.008934558881136782,10,4,0,6,0,90,0,41,30,19
recon,侦察阶段（固定 $\Phi=1$）,hard_role_decider,硬杀伤-角色导向(D→拓扑),0.9,29,0.03391002310968723,0.02376642937727512,0.0,0.019225484162320783,10,7,0,8,0,90,0,43,30,17
recon,侦察阶段（固定 $\Phi=1$）,hard_role_decider,硬杀伤-角色导向(D→拓扑),0.9,35,0.005109879736787439,0.0065084880899192515,0.0,0.0038727892755688964,10,2,0,2,0,90,0,43,30,17
recon,侦察阶段（固定 $\Phi=1$）,hard_role_decider,硬杀伤-角色导向(D→拓扑),1.0,11,0.0,0.0,0.0,0.0,0,0,0,0,0,100,0,50,30,20
recon,侦察阶段（固定 $\Phi=1$）,hard_role_decider,硬杀伤-角色导向(D→拓扑),1.0,17,0.0,0.0,0.0,0.0,0,0,0,0,0,100,0,50,30,20
recon,侦察阶段（固定 $\Phi=1$）,hard_role_decider,硬杀伤-角色导向(D→拓扑),1.0,23,0.0,0.0,0.0,0.0,0,0,0,0,0,100,0,50,30,20
recon,侦察阶段（固定 $\Phi=1$）,hard_role_decider,硬杀伤-角色导向(D→拓扑),1.0,29,0.0,0.0,0.0,0.0,0,0,0,0,0,100,0,50,30,20
recon,侦察阶段（固定 $\Phi=1$）,hard_role_decider,硬杀伤-角色导向(D→拓扑),1.0,35,0.0,0.0,0.0,0.0,0,0,0,0,0,100,0,50,30,20
recon,侦察阶段（固定 $\Phi=1$）,soft_random,网络压制-随机攻击,0.0,11,1.0,1.0,1.0,1.0,100,491,150,650,1003,0,0,0,0,0
recon,侦察阶段（固定 $\Phi=1$）,soft_random,网络压制-随机攻击,0.0,17,1.0,0.9999999999999999,1.0,0.9999999999999998,100,496,165,673,1003,0,0,0,0,0
recon,侦察阶段（固定 $\Phi=1$）,soft_random,网络压制-随机攻击,0.0,23,1.0,1.0,1.0,1.0,100,536,162,719,1015,0,0,0,0,0
recon,侦察阶段（固定 $\Phi=1$）,soft_random,网络压制-随机攻击,0.0,29,1.0,1.0,1.0,1.0,100,491,140,688,1002,0,0,0,0,0
recon,侦察阶段（固定 $\Phi=1$）,soft_random,网络压制-随机攻击,0.0,35,1.0,1.0,1.0,1.0,100,525,138,678,1010,0,0,0,0,0
recon,侦察阶段（固定 $\Phi=1$）,soft_random,网络压制-随机攻击,0.1,11,1.0,0.9047946842769705,0.830188679245283,0.9116611211740844,100,491,120,520,886,0,10,5,2,3
recon,侦察阶段（固定 $\Phi=1$）,soft_random,网络压制-随机攻击,0.1,17,1.0,0.8872115253741747,0.875,0.9207371751247247,100,496,117,549,1013,0,10,6,3,1
recon,侦察阶段（固定 $\Phi=1$）,soft_random,网络压制-随机攻击,0.1,23,1.0,0.8907118297454254,0.8888888888888888,0.9265335728781048,100,536,128,591,1001,0,10,5,3,2
recon,侦察阶段（固定 $\Phi=1$）,soft_random,网络压制-随机攻击,0.1,29,1.0,0.9173347882378119,0.9375,0.9516115960792706,100,491,122,546,645,0,10,4,3,3
recon,侦察阶段（固定 $\Phi=1$）,soft_random,网络压制-随机攻击,0.1,35,1.0,0.8831402929021238,0.9152542372881355,0.9327981767300865,100,525,89,533,1001,0,10,5,3,2
recon,侦察阶段（固定 $\Phi=1$）,soft_random,网络压制-随机攻击,0.2,11,1.0,0.8093503675039883,0.7169811320754716,0.8421104998598199,100,491,101,437,611,0,20,10,4,6
recon,侦察阶段（固定 $\Phi=1$）,soft_random,网络压制-随机攻击,0.2,17,1.0,0.7613554467186269,0.8125,0.8579518155728756,100,496,84,399,708,0,20,11,7,2
recon,侦察阶段（固定 $\Phi=1$）,soft_random,网络压制-随机攻击,0.2,23,1.0,0.7777621382686439,0.8333333333333334,0.8703651572006591,100,536,102,444,620,0,20,10,6,4
recon,侦察阶段（固定 $\Phi=1$）,soft_random,网络压制-随机攻击,0.2,29,1.0,0.8023536641118978,0.8125,0.8716178880372991,100,491,97,420,470,0,20,9,7,4
recon,侦察阶段（固定 $\Phi=1$）,soft_random,网络压制-随机攻击,0.2,35,1.0,0.779898889228252,0.6949152542372881,0.8249380478218467,100,525,71,448,744,0,20,9,5,6
recon,侦察阶段（固定 $\Phi=1$）,soft_random,网络压制-随机攻击,0.3,11,1.0,0.6557276844780737,0.6037735849056604,0.7531670897945779,100,491,63,340,381,0,30,17,5,8
recon,侦察阶段（固定 $\Phi=1$）,soft_random,网络压制-随机攻击,0.3,17,1.0,0.6433859948067401,0.625,0.7561286649355801,100,496,64,296,383,0,30,13,12,5
recon,侦察阶段（固定 $\Phi=1$）,soft_random,网络压制-随机攻击,0.3,23,1.0,0.6855113669539519,0.7222222222222222,0.8025778630587246,100,536,84,350,462,0,30,17,7,6
recon,侦察阶段（固定 $\Phi=1$）,soft_random,网络压制-随机攻击,0.3,29,1.0,0.6909387232401902,0.6875,0.79281290774673,100,491,73,311,171,0,30,17,7,6
recon,侦察阶段（固定 $\Phi=1$）,soft_random,网络压制-随机攻击,0.3,35,1.0,0.6633014133846605,0.4915254237288135,0.718275612371158,100,525,65,390,530,0,30,13,7,10
recon,侦察阶段（固定 $\Phi=1$）,soft_random,网络压制-随机攻击,0.4,11,1.0,0.5465020581360076,0.490566037735849,0.6790226986239521,100,491,49,263,177,0,40,21,8,11
recon,侦察阶段（固定 $\Phi=1$）,soft_random,网络压制-随机攻击,0.4,17,1.0,0.48588050664056975,0.5625,0.6827935022135232,100,496,36,202,157,0,40,18,17,5
recon,侦察阶段（固定 $\Phi=1$）,soft_random,网络压制-随机攻击,0.4,23,1.0,0.5903346048051412,0.4444444444444444,0.6782596830831952,100,536,62,261,236,0,40,19,11,10
recon,侦察阶段（固定 $\Phi=1$）,soft_random,网络压制-随机攻击,0.4,29,1.0,0.5354196773885734,0.6875,0.7409732257961911,100,491,47,198,142,0,40,21,13,6
recon,侦察阶段（固定 $\Phi=1$）,soft_random,网络压制-随机攻击,0.4,35,1.0,0.553993656517749,0.3898305084745763,0.6479413883307751,100,525,46,280,277,0,40,19,9,12
recon,侦察阶段（固定 $\Phi=1$）,soft_random,网络压制-随机攻击,0.5,11,1.0,0.4003797265453783,0.3962264150943396,0.5988687138799059,100,491,26,170,71,0,50,28,10,12
recon,侦察阶段（固定 $\Phi=1$）,soft_random,网络压制-随机攻击,0.5,17,1.0,0.37610852582536536,0.375,0.5837028419417885,100,496,26,136,58,0,50,24,18,8
recon,侦察阶段（固定 $\Phi=1$）,soft_random,网络压制-随机攻击,0.5,23,1.0,0.4601712529641733,0.3333333333333333,0.5978348620991689,100,536,37,178,130,0,50,24,15,11
recon,侦察阶段（固定 $\Phi=1$）,soft_random,网络压制-随机攻击,0.5,29,1.0,0.4409039077011824,0.5,0.6469679692337275,100,491,35,158,90,0,50,25,15,10
recon,侦察阶段（固定 $\Phi=1$）,soft_random,网络压制-随机攻击,0.5,35,1.0,0.4147001983721627,0.3559322033898305,0.590210800587331,100,525,27,163,99,0,50,24,14,12
recon,侦察阶段（固定 $\Phi=1$）,soft_random,网络压制-随机攻击,0.6,11,1.0,0.25017842589778316,0.056603773584905655,0.4355940664942296,100,491,15,105,17,0,60,31,16,13
recon,侦察阶段（固定 $\Phi=1$）,soft_random,网络压制-随机攻击,0.6,17,1.0,0.2823363583917929,0.25,0.5107787861305976,100,496,16,86,24,0,60,30,20,10
recon,侦察阶段（固定 $\Phi=1$）,soft_random,网络压制-随机攻击,0.6,23,1.0,0.32422671823267346,0.3333333333333333,0.5525200171886688,100,536,22,99,49,0,60,30,19,11
recon,侦察阶段（固定 $\Phi=1$）,soft_random,网络压制-随机攻击,0.6,29,1.0,0.3231165735161721,0.375,0.566038857838724,100,491,26,108,43,0,60,30,17,13
recon,侦察阶段（固定 $\Phi=1$）,soft_random,网络压制-随机攻击,0.6,35,1.0,0.3068555829503795,0.30508474576271183,0.5373134429043638,100,525,20,100,54,0,60,29,18,13
recon,侦察阶段（固定 $\Phi=1$）,soft_random,网络压制-随机攻击,0.7,11,1.0,0.17562675885883755,0.056603773584905655,0.41074351081458105,100,491,7,62,14,0,70,36,19,15
recon,侦察阶段（固定 $\Phi=1$）,soft_random,网络压制-随机攻击,0.7,17,1.0,0.19495706223950904,0.0625,0.4191523540798363,100,496,11,52,1,0,70,33,22,15
recon,侦察阶段（固定 $\Phi=1$）,soft_random,网络压制-随机攻击,0.7,23,1.0,0.23697451390544053,0.1111111111111111,0.4493618750055172,100,536,14,66,5,0,70,34,21,15
recon,侦察阶段（固定 $\Phi=1$）,soft_random,网络压制-随机攻击,0.7,29,1.0,0.17166609995129276,0.25,0.4738886999837642,100,491,10,66,31,0,70,34,20,16
recon,侦察阶段（固定 $\Phi=1$）,soft_random,网络压制-随机攻击,0.7,35,1.0,0.16224472883516702,0.20338983050847456,0.4552115197812138,100,525,8,50,24,0,70,33,23,14
recon,侦察阶段（固定 $\Phi=1$）,soft_random,网络压制-随机攻击,0.8,11,1.0,0.11517016578517042,0.056603773584905655,0.39059131312335865,100,491,5,32,12,0,80,41,22,17
recon,侦察阶段（固定 $\Phi=1$）,soft_random,网络压制-随机攻击,0.8,17,1.0,0.09160368717013916,0.0,0.3638678957233797,100,496,6,23,0,0,80,38,25,17
recon,侦察阶段（固定 $\Phi=1$）,soft_random,网络压制-随机攻击,0.8,23,1.0,0.10787086858962786,0.1111111111111111,0.40632732656691295,100,536,4,26,5,0,80,39,25,16
recon,侦察阶段（固定 $\Phi=1$）,soft_random,网络压制-随机攻击,0.8,29,1.0,0.08925578745930893,0.0625,0.3839185958197696,100,491,6,27,4,0,80,38,25,17
recon,侦察阶段（固定 $\Phi=1$）,soft_random,网络压制-随机攻击,0.8,35,1.0,0.08905624609044324,0.05084745762711864,0.3799679012391873,100,525,4,23,1,0,80,37,26,17
recon,侦察阶段（固定 $\Phi=1$）,soft_random,网络压制-随机攻击,0.9,11,1.0,0.03450662532064113,0.0,0.344835541773547,100,491,2,8,0,0,90,45,28,17
recon,侦察阶段（固定 $\Phi=1$）,soft_random,网络压制-随机攻击,0.9,17,1.0,0.04403161482103089,0.0,0.34801053827367695,100,496,3,12,0,0,90,43,27,20
recon,侦察阶段（固定 $\Phi=1$）,soft_random,网络压制-随机攻击,0.9,23,1.0,0.013756402002410364,0.0,0.3379188006674701,100,536,0,4,0,0,90,43,29,18
recon,侦察阶段（固定 $\Phi=1$）,soft_random,网络压制-随机攻击,0.9,29,1.0,0.04546922962610593,0.0,0.34848974320870196,100,491,3,12,0,0,90,41,29,20
recon,侦察阶段（固定 $\Phi=1$）,soft_random,网络压制-随机攻击,0.9,35,1.0,0.019706979799430275,0.0,0.33990232659981007,100,525,1,2,0,0,90,43,29,18
recon,侦察阶段（固定 $\Phi=1$）,soft_random,网络压制-随机攻击,1.0,11,1.0,0.0,0.0,0.3333333333333333,100,491,0,0,0,0,100,50,30,20
recon,侦察阶段（固定 $\Phi=1$）,soft_random,网络压制-随机攻击,1.0,17,1.0,0.0,0.0,0.3333333333333333,100,496,0,0,0,0,100,50,30,20
recon,侦察阶段（固定 $\Phi=1$）,soft_random,网络压制-随机攻击,1.0,23,1.0,0.0,0.0,0.3333333333333333,100,536,0,0,0,0,100,50,30,20
recon,侦察阶段（固定 $\Phi=1$）,soft_random,网络压制-随机攻击,1.0,29,1.0,0.0,0.0,0.3333333333333333,100,491,0,0,0,0,100,50,30,20
recon,侦察阶段（固定 $\Phi=1$）,soft_random,网络压制-随机攻击,1.0,35,1.0,0.0,0.0,0.3333333333333333,100,525,0,0,0,0,100,50,30,20
recon,侦察阶段（固定 $\Phi=1$）,soft_topology,网络压制-拓扑导向,0.0,11,1.0,1.0,1.0,1.0,100,491,150,650,1003,0,0,0,0,0
recon,侦察阶段（固定 $\Phi=1$）,soft_topology,网络压制-拓扑导向,0.0,17,1.0,0.9999999999999999,1.0,0.9999999999999998,100,496,165,673,1003,0,0,0,0,0
recon,侦察阶段（固定 $\Phi=1$）,soft_topology,网络压制-拓扑导向,0.0,23,1.0,1.0,1.0,1.0,100,536,162,719,1015,0,0,0,0,0
recon,侦察阶段（固定 $\Phi=1$）,soft_topology,网络压制-拓扑导向,0.0,29,1.0,1.0,1.0,1.0,100,491,140,688,1002,0,0,0,0,0
recon,侦察阶段（固定 $\Phi=1$）,soft_topology,网络压制-拓扑导向,0.0,35,1.0,1.0,1.0,1.0,100,525,138,678,1010,0,0,0,0,0
recon,侦察阶段（固定 $\Phi=1$）,soft_topology,网络压制-拓扑导向,0.1,11,1.0,0.8980980418664155,0.830188679245283,0.9094289070372328,100,491,125,507,733,0,10,6,2,2
recon,侦察阶段（固定 $\Phi=1$）,soft_topology,网络压制-拓扑导向,0.1,17,1.0,0.8672034234736368,1.0,0.9557344744912122,100,496,117,485,1003,0,10,9,1,0
recon,侦察阶段（固定 $\Phi=1$）,soft_topology,网络压制-拓扑导向,0.1,23,1.0,0.8915535424783017,0.9444444444444444,0.945332662307582,100,536,112,509,1007,0,10,6,3,1
recon,侦察阶段（固定 $\Phi=1$）,soft_topology,网络压制-拓扑导向,0.1,29,1.0,0.8669306157001274,1.0,0.955643538566709,100,491,96,464,597,0,10,8,2,0
recon,侦察阶段（固定 $\Phi=1$）,soft_topology,网络压制-拓扑导向,0.1,35,1.0,0.8799261036287267,0.9661016949152542,0.9486759328479937,100,525,101,494,796,0,10,8,1,1
recon,侦察阶段（固定 $\Phi=1$）,soft_topology,网络压制-拓扑导向,0.2,11,1.0,0.7731508856455725,0.5094339622641509,0.7608616159699078,100,491,86,372,390,0,20,13,3,4
recon,侦察阶段（固定 $\Phi=1$）,soft_topology,网络压制-拓扑导向,0.2,17,1.0,0.7556667923644944,0.75,0.8352222641214981,100,496,98,407,703,0,20,11,6,3
recon,侦察阶段（固定 $\Phi=1$）,soft_topology,网络压制-拓扑导向,0.2,23,1.0,0.781965902637082,0.6111111111111112,0.7976923379160643,100,536,90,413,562,0,20,11,5,4
recon,侦察阶段（固定 $\Phi=1$）,soft_topology,网络压制-拓扑导向,0.2,29,1.0,0.7431330067834305,0.9166666666666666,0.8865998911500323,100,491,70,314,321,0,20,11,8,1
recon,侦察阶段（固定 $\Phi=1$）,soft_topology,网络压制-拓扑导向,0.2,35,1.0,0.7526379376802733,0.8644067796610169,0.8723482391137634,100,525,82,374,440,0,20,12,5,3
recon,侦察阶段（固定 $\Phi=1$）,soft_topology,网络压制-拓扑导向,0.3,11,1.0,0.6214156902589831,0.490566037735849,0.7039939093316107,100,491,64,256,217,0,30,21,5,4
recon,侦察阶段（固定 $\Phi=1$）,soft_topology,网络压制-拓扑导向,0.3,17,1.0,0.622265404564273,0.6875,0.7699218015214243,100,496,79,312,502,0,30,18,8,4
recon,侦察阶段（固定 $\Phi=1$）,soft_topology,网络压制-拓扑导向,0.3,23,1.0,0.6683386377590586,0.6111111111111112,0.7598165829567232,100,536,67,305,344,0,30,18,7,5
recon,侦察阶段（固定 $\Phi=1$）,soft_topology,网络压制-拓扑导向,0.3,29,1.0,0.5986739784399979,0.8541666666666666,0.8176135483688881,100,491,48,223,237,0,30,15,13,2
recon,侦察阶段（固定 $\Phi=1$）,soft_topology,网络压制-拓扑导向,0.3,35,1.0,0.6441243297632441,0.6610169491525424,0.7683804263052622,100,525,72,293,267,0,30,16,9,5
recon,侦察阶段（固定 $\Phi=1$）,soft_topology,网络压制-拓扑导向,0.4,11,1.0,0.5162736362061916,0.33962264150943394,0.6186320925718751,100,491,54,178,143,0,40,25,10,5
recon,侦察阶段（固定 $\Phi=1$）,soft_topology,网络压制-拓扑导向,0.4,17,1.0,0.5086899384781602,0.4375,0.6487299794927199,100,496,56,201,174,0,40,20,14,6
recon,侦察阶段（固定 $\Phi=1$）,soft_topology,网络压制-拓扑导向,0.4,23,1.0,0.5499378725544126,0.6111111111111112,0.7203496612218412,100,536,40,215,172,0,40,23,10,7
recon,侦察阶段（固定 $\Phi=1$）,soft_topology,网络压制-拓扑导向,0.4,29,1.0,0.4818303577709629,0.75,0.7439434525903209,100,491,41,165,159,0,40,21,16,3
recon,侦察阶段（固定 $\Phi=1$）,soft_topology,网络压制-拓扑导向,0.4,35,1.0,0.5247275413062565,0.45762711864406774,0.660784886650108,100,525,48,210,156,0,40,20,13,7
recon,侦察阶段（固定 $\Phi=1$）,soft_topology,网络压制-拓扑导向,0.5,11,1.0,0.37511094396034284,0.22641509433962262,0.5338420127666551,100,491,36,106,43,0,50,28,16,6
recon,侦察阶段（固定 $\Phi=1$）,soft_topology,网络压制-拓扑导向,0.5,17,1.0,0.38733783380584247,0.375,0.5874459446019474,100,496,29,115,41,0,50,26,17,7
recon,侦察阶段（固定 $\Phi=1$）,soft_topology,网络压制-拓扑导向,0.5,23,1.0,0.3905954157154864,0.5,0.6301984719051621,100,536,24,147,64,0,50,27,15,8
recon,侦察阶段（固定 $\Phi=1$）,soft_topology,网络压制-拓扑导向,0.5,29,1.0,0.3675236860436251,0.5625,0.6433412286812084,100,491,31,108,84,0,50,27,19,4
recon,侦察阶段（固定 $\Phi=1$）,soft_topology,网络压制-拓扑导向,0.5,35,1.0,0.4315413274596492,0.4067796610169491,0.6127736628255327,100,525,28,151,83,0,50,21,18,11
recon,侦察阶段（固定 $\Phi=1$）,soft_topology,网络压制-拓扑导向,0.6,11,1.0,0.24635853372213043,0.11320754716981131,0.45318869363064723,100,491,21,72,34,0,60,35,17,8
recon,侦察阶段（固定 $\Phi=1$）,soft_topology,网络压制-拓扑导向,0.6,17,1.0,0.2930548545019439,0.3125,0.5351849515006479,100,496,19,74,30,0,60,33,19,8
recon,侦察阶段（固定 $\Phi=1$）,soft_topology,网络压制-拓扑导向,0.6,23,1.0,0.2750101770242062,0.3333333333333333,0.5361145034525132,100,536,13,95,33,0,60,32,19,9
recon,侦察阶段（固定 $\Phi=1$）,soft_topology,网络压制-拓扑导向,0.6,29,1.0,0.3086594115923964,0.375,0.5612198038641321,100,491,26,86,45,0,60,30,20,10
recon,侦察阶段（固定 $\Phi=1$）,soft_topology,网络压制-拓扑导向,0.6,35,1.0,0.3298364296798357,0.4067796610169491,0.5788720302322615,100,525,18,92,46,0,60,29,19,12
recon,侦察阶段（固定 $\Phi=1$）,soft_topology,网络压制-拓扑导向,0.7,11,1.0,0.20609406555611948,0.056603773584905655,0.420899279713675,100,491,19,59,14,0,70,36,20,14
recon,侦察阶段（固定 $\Phi=1$）,soft_topology,网络压制-拓扑导向,0.7,17,1.0,0.2031476902964506,0.0625,0.4218825634321502,100,496,11,41,1,0,70,36,22,12
recon,侦察阶段（固定 $\Phi=1$）,soft_topology,网络压制-拓扑导向,0.7,23,1.0,0.19468412353562306,0.1111111111111111,0.435265078215578,100,536,6,61,17,0,70,36,21,13
recon,侦察阶段（固定 $\Phi=1$）,soft_topology,网络压制-拓扑导向,0.7,29,1.0,0.1584426684506983,0.1875,0.4486475561502328,100,491,9,45,10,0,70,36,24,10
recon,侦察阶段（固定 $\Phi=1$）,soft_topology,网络压制-拓扑导向,0.7,35,1.0,0.22033089307723164,0.15254237288135591,0.4576244219861958,100,525,12,55,11,0,70,34,21,15
recon,侦察阶段（固定 $\Phi=1$）,soft_topology,网络压制-拓扑导向,0.8,11,1.0,0.09705198540140818,0.0,0.3656839951338027,100,491,5,18,0,0,80,40,25,15
recon,侦察阶段（固定 $\Phi=1$）,soft_topology,网络压制-拓扑导向,0.8,17,1.0,0.12909809330838276,0.0625,0.3971993644361275,100,496,8,27,1,0,80,43,23,14
recon,侦察阶段（固定 $\Phi=1$）,soft_topology,网络压制-拓扑导向,0.8,23,1.0,0.11752952704227547,0.05555555555555555,0.3910283608659436,100,536,5,38,8,0,80,41,23,16
recon,侦察阶段（固定 $\Phi=1$）,soft_topology,网络压制-拓扑导向,0.8,29,1.0,0.11840234926295888,0.0,0.37280078308765296,100,491,6,25,0,0,80,40,24,16
recon,侦察阶段（固定 $\Phi=1$）,soft_topology,网络压制-拓扑导向,0.8,35,1.0,0.12661845188305332,0.13559322033898302,0.4207372240740121,100,525,4,22,4,0,80,42,22,16
recon,侦察阶段（固定 $\Phi=1$）,soft_topology,网络压制-拓扑导向,0.9,11,1.0,0.043911758728146365,0.0,0.34797058624271543,100,491,2,6,0,0,90,45,26,19
recon,侦察阶段（固定 $\Phi=1$）,soft_topology,网络压制-拓扑导向,0.9,17,1.0,0.025826831159432934,0.0,0.3419422770531443,100,496,0,4,0,0,90,47,27,16
recon,侦察阶段（固定 $\Phi=1$）,soft_topology,网络压制-拓扑导向,0.9,23,1.0,0.05647372989313324,0.0,0.35215790996437774,100,536,1,14,0,0,90,45,25,20
recon,侦察阶段（固定 $\Phi=1$）,soft_topology,网络压制-拓扑导向,0.9,29,1.0,0.029587544330745945,0.0,0.3431958481102486,100,491,2,3,0,0,90,46,26,18
recon,侦察阶段（固定 $\Phi=1$）,soft_topology,网络压制-拓扑导向,0.9,35,1.0,0.04088670316765264,0.0,0.3469622343892175,100,525,0,8,0,0,90,47,25,18
recon,侦察阶段（固定 $\Phi=1$）,soft_topology,网络压制-拓扑导向,1.0,11,1.0,0.0,0.0,0.3333333333333333,100,491,0,0,0,0,100,50,30,20
recon,侦察阶段（固定 $\Phi=1$）,soft_topology,网络压制-拓扑导向,1.0,17,1.0,0.0,0.0,0.3333333333333333,100,496,0,0,0,0,100,50,30,20
recon,侦察阶段（固定 $\Phi=1$）,soft_topology,网络压制-拓扑导向,1.0,23,1.0,0.0,0.0,0.3333333333333333,100,536,0,0,0,0,100,50,30,20
recon,侦察阶段（固定 $\Phi=1$）,soft_topology,网络压制-拓扑导向,1.0,29,1.0,0.0,0.0,0.3333333333333333,100,491,0,0,0,0,100,50,30,20
recon,侦察阶段（固定 $\Phi=1$）,soft_topology,网络压制-拓扑导向,1.0,35,1.0,0.0,0.0,0.3333333333333333,100,525,0,0,0,0,100,50,30,20
recon,侦察阶段（固定 $\Phi=1$）,soft_role_decider,网络压制-角色导向(D→拓扑),0.0,11,1.0,1.0,1.0,1.0,100,491,150,650,1003,0,0,0,0,0
recon,侦察阶段（固定 $\Phi=1$）,soft_role_decider,网络压制-角色导向(D→拓扑),0.0,17,1.0,0.9999999999999999,1.0,0.9999999999999998,100,496,165,673,1003,0,0,0,0,0
recon,侦察阶段（固定 $\Phi=1$）,soft_role_decider,网络压制-角色导向(D→拓扑),0.0,23,1.0,1.0,1.0,1.0,100,536,162,719,1015,0,0,0,0,0
recon,侦察阶段（固定 $\Phi=1$）,soft_role_decider,网络压制-角色导向(D→拓扑),0.0,29,1.0,1.0,1.0,1.0,100,491,140,688,1002,0,0,0,0,0
recon,侦察阶段（固定 $\Phi=1$）,soft_role_decider,网络压制-角色导向(D→拓扑),0.0,35,1.0,1.0,1.0,1.0,100,525,138,678,1010,0,0,0,0,0
recon,侦察阶段（固定 $\Phi=1$）,soft_role_decider,网络压制-角色导向(D→拓扑),0.1,11,1.0,0.8348150987451816,0.7169811320754716,0.8505987436068843,100,491,108,457,401,0,10,0,10,0
recon,侦察阶段（固定 $\Phi=1$）,soft_role_decider,网络压制-角色导向(D→拓扑),0.1,17,1.0,0.8112735971553754,0.75,0.8537578657184584,100,496,104,462,626,0,10,0,10,0
recon,侦察阶段（固定 $\Phi=1$）,soft_role_decider,网络压制-角色导向(D→拓扑),0.1,23,1.0,0.8302738358157703,0.8333333333333334,0.8878690563830346,100,536,92,487,738,0,10,0,10,0
recon,侦察阶段（固定 $\Phi=1$）,soft_role_decider,网络压制-角色导向(D→拓扑),0.1,29,1.0,0.8590992963124655,1.0,0.9530330987708218,100,491,84,455,690,0,10,0,10,0
recon,侦察阶段（固定 $\Phi=1$）,soft_role_decider,网络压制-角色导向(D→拓扑),0.1,35,1.0,0.8171434369233217,0.711864406779661,0.8430026145676608,100,525,94,465,645,0,10,0,10,0
recon,侦察阶段（固定 $\Phi=1$）,soft_role_decider,网络压制-角色导向(D→拓扑),0.2,11,1.0,0.5965298098952228,0.4339622641509434,0.676830691348722,100,491,58,319,89,0,20,0,20,0
recon,侦察阶段（固定 $\Phi=1$）,soft_role_decider,网络压制-角色导向(D→拓扑),0.2,17,1.0,0.6092845588822954,0.4375,0.6822615196274318,100,496,64,313,137,0,20,0,20,0
recon,侦察阶段（固定 $\Phi=1$）,soft_role_decider,网络压制-角色导向(D→拓扑),0.2,23,1.0,0.5996010774686179,0.3888888888888889,0.6628299887858357,100,536,48,344,84,0,20,0,20,0
recon,侦察阶段（固定 $\Phi=1$）,soft_role_decider,网络压制-角色导向(D→拓扑),0.2,29,1.0,0.6235628995935069,0.8125,0.8120209665311688,100,491,54,309,222,0,20,0,20,0
recon,侦察阶段（固定 $\Phi=1$）,soft_role_decider,网络压制-角色导向(D→拓扑),0.2,35,1.0,0.6174062537805907,0.3559322033898305,0.6577794857234737,100,525,46,307,103,0,20,0,20,0
recon,侦察阶段（固定 $\Phi=1$）,soft_role_decider,网络压制-角色导向(D→拓扑),0.3,11,1.0,0.41249242313498097,0.0,0.4708308077116603,100,491,34,252,0,0,30,0,30,0
recon,侦察阶段（固定 $\Phi=1$）,soft_role_decider,网络压制-角色导向(D→拓扑),0.3,17,1.0,0.40750554880755546,0.0,0.4691685162691851,100,496,43,232,0,0,30,0,30,0
recon,侦察阶段（固定 $\Phi=1$）,soft_role_decider,网络压制-角色导向(D→拓扑),0.3,23,1.0,0.4306133914055622,0.0,0.4768711304685207,100,536,39,274,0,0,30,0,30,0
recon,侦察阶段（固定 $\Phi=1$）,soft_role_decider,网络压制-角色导向(D→拓扑),0.3,29,1.0,0.41639836016838777,0.0,0.4721327867227959,100,491,29,228,0,0,30,0,30,0
recon,侦察阶段（固定 $\Phi=1$）,soft_role_decider,网络压制-角色导向(D→拓扑),0.3,35,1.0,0.3919841013097361,0.0,0.46399470043657864,100,525,32,226,0,0,30,0,30,0
recon,侦察阶段（固定 $\Phi=1$）,soft_role_decider,网络压制-角色导向(D→拓扑),0.4,11,1.0,0.31179346144478765,0.0,0.4372644871482625,100,491,20,160,0,0,40,8,30,2
recon,侦察阶段（固定 $\Phi=1$）,soft_role_decider,网络压制-角色导向(D→拓扑),0.4,17,1.0,0.29886150932685446,0.0,0.4329538364422848,100,496,27,138,0,0,40,9,30,1
recon,侦察阶段（固定 $\Phi=1$）,soft_role_decider,网络压制-角色导向(D→拓扑),0.4,23,1.0,0.32670718112816116,0.0,0.44223572704272035,100,536,24,162,0,0,40,9,30,1
recon,侦察阶段（固定 $\Phi=1$）,soft_role_decider,网络压制-角色导向(D→拓扑),0.4,29,1.0,0.3155958959632101,0.0,0.43853196532106997,100,491,18,146,0,0,40,9,30,1
recon,侦察阶段（固定 $\Phi=1$）,soft_role_decider,网络压制-角色导向(D→拓扑),0.4,35,1.0,0.3103681621863017,0.0,0.4367893873954339,100,525,29,160,0,0,40,8,30,2
recon,侦察阶段（固定 $\Phi=1$）,soft_role_decider,网络压制-角色导向(D→拓扑),0.5,11,1.0,0.24311437820223913,0.0,0.4143714594007464,100,491,13,100,0,0,50,16,30,4
recon,侦察阶段（固定 $\Phi=1$）,soft_role_decider,网络压制-角色导向(D→拓扑),0.5,17,1.0,0.23425489626347537,0.0,0.41141829875449176,100,496,21,98,0,0,50,16,30,4
recon,侦察阶段（固定 $\Phi=1$）,soft_role_decider,网络压制-角色导向(D→拓扑),0.5,23,1.0,0.2605317839941621,0.0,0.42017726133138733,100,536,18,128,0,0,50,15,30,5
recon,侦察阶段（固定 $\Phi=1$）,soft_role_decider,网络压制-角色导向(D→拓扑),0.5,29,1.0,0.22854013523908012,0.0,0.4095133784130267,100,491,10,82,0,0,50,17,30,3
recon,侦察阶段（固定 $\Phi=1$）,soft_role_decider,网络压制-角色导向(D→拓扑),0.5,35,1.0,0.2319476506346607,0.0,0.4106492168782202,100,525,25,112,0,0,50,15,30,5
recon,侦察阶段（固定 $\Phi=1$）,soft_role_decider,网络压制-角色导向(D→拓扑),0.6,11,1.0,0.17335298145019518,0.0,0.39111766048339835,100,491,10,50,0,0,60,25,30,5
recon,侦察阶段（固定 $\Phi=1$）,soft_role_decider,网络压制-角色导向(D→拓扑),0.6,17,1.0,0.1735480236578147,0.0,0.39118267455260486,100,496,16,58,0,0,60,23,30,7
recon,侦察阶段（固定 $\Phi=1$）,soft_role_decider,网络压制-角色导向(D→拓扑),0.6,23,1.0,0.16298477088273705,0.0,0.3876615902942457,100,536,8,70,0,0,60,23,30,7
recon,侦察阶段（固定 $\Phi=1$）,soft_role_decider,网络压制-角色导向(D→拓扑),0.6,29,1.0,0.16741823039454784,0.0,0.38913941013151593,100,491,8,46,0,0,60,26,30,4
recon,侦察阶段（固定 $\Phi=1$）,soft_role_decider,网络压制-角色导向(D→拓扑),0.6,35,1.0,0.1788619947416776,0.0,0.3929539982472259,100,525,15,76,0,0,60,20,30,10
recon,侦察阶段（固定 $\Phi=1$）,soft_role_decider,网络压制-角色导向(D→拓扑),0.7,11,1.0,0.12476384574775833,0.0,0.37492128191591945,100,491,6,34,0,0,70,32,30,8
recon,侦察阶段（固定 $\Phi=1$）,soft_role_decider,网络压制-角色导向(D→拓扑),0.7,17,1.0,0.09666032860701404,0.0,0.36555344286900465,100,496,3,20,0,0,70,32,30,8
recon,侦察阶段（固定 $\Phi=1$）,soft_role_decider,网络压制-角色导向(D→拓扑),0.7,23,1.0,0.10703295094354434,0.0,0.3690109836478481,100,536,3,38,0,0,70,31,30,9
recon,侦察阶段（固定 $\Phi=1$）,soft_role_decider,网络压制-角色导向(D→拓扑),0.7,29,1.0,0.13264926158473364,0.0,0.37754975386157785,100,491,7,40,0,0,70,30,30,10
recon,侦察阶段（固定 $\Phi=1$）,soft_role_decider,网络压制-角色导向(D→拓扑),0.7,35,1.0,0.10532478213700171,0.0,0.36844159404566723,100,525,6,38,0,0,70,28,30,12
recon,侦察阶段（固定 $\Phi=1$）,soft_role_decider,网络压制-角色导向(D→拓扑),0.8,11,1.0,0.09917151752432744,0.0,0.36639050584144245,100,491,6,32,0,0,80,36,30,14
recon,侦察阶段（固定 $\Phi=1$）,soft_role_decider,网络压制-角色导向(D→拓扑),0.8,17,1.0,0.046053029995715825,0.0,0.34868434333190523,100,496,0,8,0,0,80,38,30,12
recon,侦察阶段（固定 $\Phi=1$）,soft_role_decider,网络压制-角色导向(D→拓扑),0.8,23,1.0,0.057339423614019516,0.0,0.3524464745380065,100,536,2,18,0,0,80,36,30,14
recon,侦察阶段（固定 $\Phi=1$）,soft_role_decider,网络压制-角色导向(D→拓扑),0.8,29,1.0,0.07863011215988092,0.0,0.3595433707199603,100,491,3,26,0,0,80,37,30,13
recon,侦察阶段（固定 $\Phi=1$）,soft_role_decider,网络压制-角色导向(D→拓扑),0.8,35,1.0,0.05340950109000574,0.0,0.3511365003633352,100,525,5,16,0,0,80,35,30,15
recon,侦察阶段（固定 $\Phi=1$）,soft_role_decider,网络压制-角色导向(D→拓扑),0.9,11,1.0,0.021814373750964677,0.0,0.34060479125032156,100,491,0,4,0,0,90,43,30,17
recon,侦察阶段（固定 $\Phi=1$）,soft_role_decider,网络压制-角色导向(D→拓扑),0.9,17,1.0,0.012283980960433902,0.0,0.337427993653478,100,496,0,2,0,0,90,44,30,16
recon,侦察阶段（固定 $\Phi=1$）,soft_role_decider,网络压制-角色导向(D→拓扑),0.9,23,1.0,0.01621313667020522,0.0,0.3387377122234017,100,536,1,6,0,0,90,41,30,19
recon,侦察阶段（固定 $\Phi=1$）,soft_role_decider,网络压制-角色导向(D→拓扑),0.9,29,1.0,0.02630492884871757,0.0,0.3421016429495725,100,491,1,8,0,0,90,43,30,17
recon,侦察阶段（固定 $\Phi=1$）,soft_role_decider,网络压制-角色导向(D→拓扑),0.9,35,1.0,0.0065084880899192515,0.0,0.3355028293633064,100,525,0,2,0,0,90,43,30,17
recon,侦察阶段（固定 $\Phi=1$）,soft_role_decider,网络压制-角色导向(D→拓扑),1.0,11,1.0,0.0,0.0,0.3333333333333333,100,491,0,0,0,0,100,50,30,20
recon,侦察阶段（固定 $\Phi=1$）,soft_role_decider,网络压制-角色导向(D→拓扑),1.0,17,1.0,0.0,0.0,0.3333333333333333,100,496,0,0,0,0,100,50,30,20
recon,侦察阶段（固定 $\Phi=1$）,soft_role_decider,网络压制-角色导向(D→拓扑),1.0,23,1.0,0.0,0.0,0.3333333333333333,100,536,0,0,0,0,100,50,30,20
recon,侦察阶段（固定 $\Phi=1$）,soft_role_decider,网络压制-角色导向(D→拓扑),1.0,29,1.0,0.0,0.0,0.3333333333333333,100,491,0,0,0,0,100,50,30,20
recon,侦察阶段（固定 $\Phi=1$）,soft_role_decider,网络压制-角色导向(D→拓扑),1.0,35,1.0,0.0,0.0,0.3333333333333333,100,525,0,0,0,0,100,50,30,20
strike,打击阶段（固定 $\Phi=2$）,hard_random,硬杀伤-随机攻击,0.0,11,1.0,1.0,1.0,1.0,100,491,50,539,1010,0,0,0,0,0
strike,打击阶段（固定 $\Phi=2$）,hard_random,硬杀伤-随机攻击,0.0,17,1.0,1.0,1.0,1.0,100,496,54,580,1012,0,0,0,0,0
strike,打击阶段（固定 $\Phi=2$）,hard_random,硬杀伤-随机攻击,0.0,23,1.0,1.0,1.0,1.0,100,536,48,625,1012,0,0,0,0,0
strike,打击阶段（固定 $\Phi=2$）,hard_random,硬杀伤-随机攻击,0.0,29,1.0,0.9999999999999999,1.0,0.9999999999999998,100,491,30,553,878,0,0,0,0,0
strike,打击阶段（固定 $\Phi=2$）,hard_random,硬杀伤-随机攻击,0.0,35,1.0,1.0,1.0,1.0,100,525,48,565,1006,0,0,0,0,0
strike,打击阶段（固定 $\Phi=2$）,hard_random,硬杀伤-随机攻击,0.1,11,0.8545925052904779,0.8724468416552673,0.8888888888888888,0.8719760786115447,90,387,42,443,937,10,0,5,2,3
strike,打击阶段（固定 $\Phi=2$）,hard_random,硬杀伤-随机攻击,0.1,17,0.8651191784698588,0.8599109505400249,0.9411764705882353,0.8887355331993729,90,405,36,484,1006,10,0,6,3,1
strike,打击阶段（固定 $\Phi=2$）,hard_random,硬杀伤-随机攻击,0.1,23,0.8584366640820127,0.8301718048992385,0.8888888888888888,0.8591657859567132,90,429,36,517,1003,10,0,5,3,2
strike,打击阶段（固定 $\Phi=2$）,hard_random,硬杀伤-随机攻击,0.1,29,0.856712712167786,0.8349997332537522,0.9444444444444444,0.8787189632886608,90,391,33,454,619,10,0,4,3,3
strike,打击阶段（固定 $\Phi=2$）,hard_random,硬杀伤-随机攻击,0.1,35,0.869275992639436,0.8562681306284404,0.9,0.8751813744226256,90,435,43,442,1019,10,0,5,3,2
strike,打击阶段（固定 $\Phi=2$）,hard_random,硬杀伤-随机攻击,0.2,11,0.7314855189715674,0.7479398680541214,0.7777777777777778,0.7524010549344888,80,310,36,370,621,20,0,10,4,6
strike,打击阶段（固定 $\Phi=2$）,hard_random,硬杀伤-随机攻击,0.2,17,0.7080922579791068,0.6879220264154475,0.8823529411764706,0.7594557418570083,80,305,28,355,750,20,0,11,7,2
strike,打击阶段（固定 $\Phi=2$）,hard_random,硬杀伤-随机攻击,0.2,23,0.717801731553776,0.6833902181241619,0.8333333333333334,0.7448417610037571,80,327,27,392,909,20,0,10,6,4
strike,打击阶段（固定 $\Phi=2$）,hard_random,硬杀伤-随机攻击,0.2,29,0.7296475915421345,0.67002099121737,0.8888888888888888,0.7628524905494645,80,312,23,355,479,20,0,9,7,4
strike,打击阶段（固定 $\Phi=2$）,hard_random,硬杀伤-随机攻击,0.2,35,0.7329493010627243,0.71343449671652,0.7,0.7154612659264147,80,338,38,369,800,20,0,9,5,6
strike,打击阶段（固定 $\Phi=2$）,hard_random,硬杀伤-随机攻击,0.3,11,0.5998910804487728,0.6501057022881622,0.6666666666666666,0.6388878164678672,70,234,26,288,366,30,0,17,5,8
strike,打击阶段（固定 $\Phi=2$）,hard_random,硬杀伤-随机攻击,0.3,17,0.5769752274063679,0.5179188016424631,0.7058823529411765,0.600258793996669,70,225,13,262,414,30,0,13,12,5
strike,打击阶段（固定 $\Phi=2$）,hard_random,硬杀伤-随机攻击,0.3,23,0.6062089491908405,0.5897730379685306,0.7222222222222222,0.6394014031271977,70,255,27,312,622,30,0,17,7,6
strike,打击阶段（固定 $\Phi=2$）,hard_random,硬杀伤-随机攻击,0.3,29,0.5876174198092572,0.5681778144589313,0.7777777777777778,0.6445243373486553,70,226,23,261,189,30,0,17,7,6
strike,打击阶段（固定 $\Phi=2$）,hard_random,硬杀伤-随机攻击,0.3,35,0.6220644096842505,0.5511187839661493,0.5,0.5577277312167999,70,269,30,321,650,30,0,13,7,10
strike,打击阶段（固定 $\Phi=2$）,hard_random,硬杀伤-随机攻击,0.4,11,0.4687005430238386,0.487696722793348,0.5,0.48546575527239555,60,175,25,218,189,40,0,21,8,11
strike,打击阶段（固定 $\Phi=2$）,hard_random,硬杀伤-随机攻击,0.4,17,0.479372481757792,0.39392206442558403,0.5294117647058824,0.46756877029641947,60,167,13,170,159,40,0,18,17,5
strike,打击阶段（固定 $\Phi=2$）,hard_random,硬杀伤-随机攻击,0.4,23,0.48905975221542247,0.4274474850431019,0.4444444444444444,0.4536505605676563,60,186,15,228,333,40,0,19,11,10
strike,打击阶段（固定 $\Phi=2$）,hard_random,硬杀伤-随机攻击,0.4,29,0.4644854492529154,0.42001486042971914,0.7777777777777778,0.5540926958201374,60,162,16,173,142,40,0,21,13,6
strike,打击阶段（固定 $\Phi=2$）,hard_random,硬杀伤-随机攻击,0.4,35,0.49438902533620244,0.4450124745585075,0.4,0.44646716663156993,60,190,26,237,307,40,0,19,9,12
strike,打击阶段（固定 $\Phi=2$）,hard_random,硬杀伤-随机攻击,0.5,11,0.3342279838433496,0.391943187778574,0.3888888888888889,0.3716866868369375,50,115,11,145,88,50,0,28,10,12
strike,打击阶段（固定 $\Phi=2$）,hard_random,硬杀伤-随机攻击,0.5,17,0.36753005002486017,0.2622785818641715,0.35294117647058826,0.3275832694532066,50,113,10,115,72,50,0,24,18,8
strike,打击阶段（固定 $\Phi=2$）,hard_random,硬杀伤-随机攻击,0.5,23,0.37653096551420673,0.3022739391017406,0.3888888888888889,0.3558979311682787,50,130,11,148,177,50,0,24,15,11
strike,打击阶段（固定 $\Phi=2$）,hard_random,硬杀伤-随机攻击,0.5,29,0.37394746338998824,0.3287837820484836,0.4444444444444444,0.3823918966276387,50,123,13,137,97,50,0,25,15,10
strike,打击阶段（固定 $\Phi=2$）,hard_random,硬杀伤-随机攻击,0.5,35,0.3620724521374871,0.308859089071005,0.35,0.340310513736164,50,122,10,140,104,50,0,24,14,12
strike,打击阶段（固定 $\Phi=2$）,hard_random,硬杀伤-随机攻击,0.6,11,0.20415665045277206,0.21295487909898167,0.1111111111111111,0.17607421355428826,40,69,7,93,36,60,0,31,16,13
strike,打击阶段（固定 $\Phi=2$）,hard_random,硬杀伤-随机攻击,0.6,17,0.2567200956184732,0.1915286749563735,0.29411764705882354,0.24745547254455674,40,70,10,73,37,60,0,30,20,10
strike,打击阶段（固定 $\Phi=2$）,hard_random,硬杀伤-随机攻击,0.6,23,0.24885247848107186,0.1864895179711828,0.3888888888888889,0.2747436284470478,40,84,8,87,82,60,0,30,19,11
strike,打击阶段（固定 $\Phi=2$）,hard_random,硬杀伤-随机攻击,0.6,29,0.2460140783595458,0.22878581915195376,0.2222222222222222,0.23234070657790723,40,78,4,86,25,60,0,30,17,13
strike,打击阶段（固定 $\Phi=2$）,hard_random,硬杀伤-随机攻击,0.6,35,0.27109346973235254,0.20054929111413014,0.35,0.2738809202821609,40,79,9,82,57,60,0,29,18,13
strike,打击阶段（固定 $\Phi=2$）,hard_random,硬杀伤-随机攻击,0.7,11,0.14637078407256113,0.1357501596325622,0.1111111111111111,0.13107735160541148,30,44,3,58,30,70,0,36,19,15
strike,打击阶段（固定 $\Phi=2$）,hard_random,硬杀伤-随机攻击,0.7,17,0.13067244516144896,0.11647943717033676,0.11764705882352941,0.1215996470517717,30,34,5,45,13,70,0,33,22,15
strike,打击阶段（固定 $\Phi=2$）,hard_random,硬杀伤-随机攻击,0.7,23,0.165175392345747,0.09280740730815212,0.16666666666666666,0.14154982210685524,30,48,2,54,16,70,0,34,21,15
strike,打击阶段（固定 $\Phi=2$）,hard_random,硬杀伤-随机攻击,0.7,29,0.16082014033143827,0.13022167623190345,0.05555555555555555,0.11553245737296575,30,45,2,48,4,70,0,34,20,16
strike,打击阶段（固定 $\Phi=2$）,hard_random,硬杀伤-随机攻击,0.7,35,0.16580931573861937,0.10944037621954254,0.2,0.15841656398605397,30,46,2,38,15,70,0,33,23,14
strike,打击阶段（固定 $\Phi=2$）,hard_random,硬杀伤-随机攻击,0.8,11,0.10024345057689502,0.08953063281732526,0.1111111111111111,0.10029506483511046,20,24,3,34,26,80,0,41,22,17
strike,打击阶段（固定 $\Phi=2$）,hard_random,硬杀伤-随机攻击,0.8,17,0.06165935729169855,0.053954712432200895,0.0,0.03853802324129981,20,13,1,17,0,80,0,38,25,17
strike,打击阶段（固定 $\Phi=2$）,hard_random,硬杀伤-随机攻击,0.8,23,0.08271018222470801,0.05266962204971716,0.16666666666666666,0.10068215698036394,20,21,3,21,10,80,0,39,25,16
strike,打击阶段（固定 $\Phi=2$）,hard_random,硬杀伤-随机攻击,0.8,29,0.08277951678304342,0.0449757653490416,0.05555555555555555,0.06110361256254686,20,17,0,19,4,80,0,38,25,17
strike,打击阶段（固定 $\Phi=2$）,hard_random,硬杀伤-随机攻击,0.8,35,0.07501218937042176,0.05421902083568896,0.05,0.05974373673537024,20,19,0,19,1,80,0,37,26,17
strike,打击阶段（固定 $\Phi=2$）,hard_random,硬杀伤-随机攻击,0.9,11,0.046767914943736937,0.008979352081831224,0.05555555555555555,0.03710094086037457,10,8,0,9,1,90,0,45,28,17
strike,打击阶段（固定 $\Phi=2$）,hard_random,硬杀伤-随机攻击,0.9,17,0.02974812053916617,0.009174432134665284,0.0,0.012974184224610483,10,6,0,8,0,90,0,43,27,20
strike,打击阶段（固定 $\Phi=2$）,hard_random,硬杀伤-随机攻击,0.9,23,0.008821604118480037,0.005944882148243559,0.05555555555555555,0.023440680607426382,10,3,0,5,1,90,0,43,29,18
strike,打击阶段（固定 $\Phi=2$）,hard_random,硬杀伤-随机攻击,0.9,29,0.031252205055286884,0.010590423254625813,0.0,0.013947542769970898,10,6,0,10,0,90,0,41,29,20
strike,打击阶段（固定 $\Phi=2$）,hard_random,硬杀伤-随机攻击,0.9,35,0.005109879736787439,0.004424581819443749,0.0,0.0031781538520770625,10,2,1,2,0,90,0,43,29,18
strike,打击阶段（固定 $\Phi=2$）,hard_random,硬杀伤-随机攻击,1.0,11,0.0,0.0,0.0,0.0,0,0,0,0,0,100,0,50,30,20
strike,打击阶段（固定 $\Phi=2$）,hard_random,硬杀伤-随机攻击,1.0,17,0.0,0.0,0.0,0.0,0,0,0,0,0,100,0,50,30,20
strike,打击阶段（固定 $\Phi=2$）,hard_random,硬杀伤-随机攻击,1.0,23,0.0,0.0,0.0,0.0,0,0,0,0,0,100,0,50,30,20
strike,打击阶段（固定 $\Phi=2$）,hard_random,硬杀伤-随机攻击,1.0,29,0.0,0.0,0.0,0.0,0,0,0,0,0,100,0,50,30,20
strike,打击阶段（固定 $\Phi=2$）,hard_random,硬杀伤-随机攻击,1.0,35,0.0,0.0,0.0,0.0,0,0,0,0,0,100,0,50,30,20
strike,打击阶段（固定 $\Phi=2$）,hard_topology,硬杀伤-拓扑导向,0.0,11,1.0,1.0,1.0,1.0,100,491,50,539,1010,0,0,0,0,0
strike,打击阶段（固定 $\Phi=2$）,hard_topology,硬杀伤-拓扑导向,0.0,17,1.0,1.0,1.0,1.0,100,496,54,580,1012,0,0,0,0,0
strike,打击阶段（固定 $\Phi=2$）,hard_topology,硬杀伤-拓扑导向,0.0,23,1.0,1.0,1.0,1.0,100,536,48,625,1012,0,0,0,0,0
strike,打击阶段（固定 $\Phi=2$）,hard_topology,硬杀伤-拓扑导向,0.0,29,1.0,0.9999999999999999,1.0,0.9999999999999998,100,491,30,553,878,0,0,0,0,0
strike,打击阶段（固定 $\Phi=2$）,hard_topology,硬杀伤-拓扑导向,0.0,35,1.0,1.0,1.0,1.0,100,525,48,565,1006,0,0,0,0,0
strike,打击阶段（固定 $\Phi=2$）,hard_topology,硬杀伤-拓扑导向,0.1,11,0.8294065363194673,0.8530288808024147,0.8333333333333334,0.8385895834850717,90,370,41,415,678,10,0,6,2,2
strike,打击阶段（固定 $\Phi=2$）,hard_topology,硬杀伤-拓扑导向,0.1,17,0.828016805642998,0.9092006112458803,0.9411764705882353,0.8927979624923712,90,374,51,420,914,10,0,9,1,0
strike,打击阶段（固定 $\Phi=2$）,hard_topology,硬杀伤-拓扑导向,0.1,23,0.821014732861842,0.8396178860040796,0.9444444444444444,0.8683590211034553,90,395,52,450,1011,10,0,6,3,1
strike,打击阶段（固定 $\Phi=2$）,hard_topology,硬杀伤-拓扑导向,0.1,29,0.8187068992789666,0.8856585923795202,1.0,0.9014551638861621,90,362,34,381,530,10,0,8,2,0
strike,打击阶段（固定 $\Phi=2$）,hard_topology,硬杀伤-拓扑导向,0.1,35,0.8179985136076305,0.8930450096847659,0.95,0.887014507764132,90,389,47,425,782,10,0,8,1,1
strike,打击阶段（固定 $\Phi=2$）,hard_topology,硬杀伤-拓扑导向,0.2,11,0.6771180086246492,0.7692296256116005,0.5555555555555556,0.6673010632639351,80,277,44,310,370,20,0,13,3,4
strike,打击阶段（固定 $\Phi=2$）,hard_topology,硬杀伤-拓扑导向,0.2,17,0.6915191952712968,0.7096286166937131,0.7058823529411765,0.7023433883020621,80,305,34,352,680,20,0,11,6,3
strike,打击阶段（固定 $\Phi=2$）,hard_topology,硬杀伤-拓扑导向,0.2,23,0.6793810091475253,0.6769235268999919,0.6111111111111112,0.6558052157195428,80,297,37,366,567,20,0,11,5,4
strike,打击阶段（固定 $\Phi=2$）,hard_topology,硬杀伤-拓扑导向,0.2,29,0.6697610463214848,0.7096442124798322,0.9444444444444444,0.7746165677485871,80,271,32,275,355,20,0,11,8,1
strike,打击阶段（固定 $\Phi=2$）,hard_topology,硬杀伤-拓扑导向,0.2,35,0.6706233260407665,0.763003162923615,0.85,0.7612088296547938,80,290,30,311,420,20,0,12,5,3
strike,打击阶段（固定 $\Phi=2$）,hard_topology,硬杀伤-拓扑导向,0.3,11,0.5377138923382265,0.6722719030160466,0.5,0.569995265118091,70,204,27,222,230,30,0,21,5,4
strike,打击阶段（固定 $\Phi=2$）,hard_topology,硬杀伤-拓扑导向,0.3,17,0.5811932103126691,0.6051013035221563,0.6470588235294118,0.6111177791214124,70,241,26,278,518,30,0,18,8,4
strike,打击阶段（固定 $\Phi=2$）,hard_topology,硬杀伤-拓扑导向,0.3,23,0.5434154795944623,0.5657401649164013,0.6111111111111112,0.5734222518739915,70,223,22,276,370,30,0,18,7,5
strike,打击阶段（固定 $\Phi=2$）,hard_topology,硬杀伤-拓扑导向,0.3,29,0.5504826036354507,0.5867249220088889,0.8888888888888888,0.6753654715110762,70,210,25,202,251,30,0,15,13,2
strike,打击阶段（固定 $\Phi=2$）,hard_topology,硬杀伤-拓扑导向,0.3,35,0.5597058510473342,0.6070321807776039,0.7,0.6222460106083126,70,224,26,253,270,30,0,16,9,5
strike,打击阶段（固定 $\Phi=2$）,hard_topology,硬杀伤-拓扑导向,0.4,11,0.409522131711189,0.5222500540105359,0.2777777777777778,0.4031833211665009,60,145,20,149,138,40,0,25,10,5
strike,打击阶段（固定 $\Phi=2$）,hard_topology,硬杀伤-拓扑导向,0.4,17,0.4452576134412921,0.44512459961056283,0.4117647058823529,0.4340489729780692,60,153,16,180,184,40,0,20,14,6
strike,打击阶段（固定 $\Phi=2$）,hard_topology,硬杀伤-拓扑导向,0.4,23,0.43161186484250075,0.48247821251422573,0.6111111111111112,0.5084003961559459,60,159,20,192,174,40,0,23,10,7
strike,打击阶段（固定 $\Phi=2$）,hard_topology,硬杀伤-拓扑导向,0.4,29,0.4605793222695448,0.4845631326728852,0.7777777777777778,0.5743067442400692,60,169,20,153,171,40,0,21,16,3
strike,打击阶段（固定 $\Phi=2$）,hard_topology,硬杀伤-拓扑导向,0.4,35,0.4426701423531782,0.4642158718393886,0.5,0.4689620047308556,60,162,20,179,138,40,0,20,13,7
strike,打击阶段（固定 $\Phi=2$）,hard_topology,硬杀伤-拓扑导向,0.5,11,0.29119189786371524,0.3630068824471583,0.16666666666666666,0.2736218156591801,50,97,10,89,44,50,0,28,16,6
strike,打击阶段（固定 $\Phi=2$）,hard_topology,硬杀伤-拓扑导向,0.5,17,0.3097784696365028,0.298561036975455,0.35294117647058826,0.3204268943608487,50,94,7,105,46,50,0,26,17,7
strike,打击阶段（固定 $\Phi=2$）,hard_topology,硬杀伤-拓扑导向,0.5,23,0.32928295986455364,0.3749541725601337,0.48148148148148145,0.3952395379687229,50,114,13,127,72,50,0,27,15,8
strike,打击阶段（固定 $\Phi=2$）,hard_topology,硬杀伤-拓扑导向,0.5,29,0.3299424119392441,0.3752582428051295,0.5,0.40173355158145785,50,115,14,104,100,50,0,27,19,4
strike,打击阶段（固定 $\Phi=2$）,hard_topology,硬杀伤-拓扑导向,0.5,35,0.3207961037364927,0.32970707607266386,0.4,0.3501677266030522,50,110,11,124,54,50,0,21,18,11
strike,打击阶段（固定 $\Phi=2$）,hard_topology,硬杀伤-拓扑导向,0.6,11,0.21720978750602718,0.26300182148955703,0.1111111111111111,0.19710757336889845,40,75,11,63,40,60,0,35,17,8
strike,打击阶段（固定 $\Phi=2$）,hard_topology,硬杀伤-拓扑导向,0.6,17,0.21607299081931763,0.22038007867844606,0.29411764705882354,0.24352357218552906,40,59,7,72,26,60,0,33,19,8
strike,打击阶段（固定 $\Phi=2$）,hard_topology,硬杀伤-拓扑导向,0.6,23,0.23892210226985947,0.23682176574784136,0.3333333333333333,0.2696924004503447,40,75,8,80,39,60,0,32,19,9
strike,打击阶段（固定 $\Phi=2$）,hard_topology,硬杀伤-拓扑导向,0.6,29,0.2590519208014642,0.2769248721496013,0.3333333333333333,0.2897700420947996,40,75,6,80,44,60,0,30,20,10
strike,打击阶段（固定 $\Phi=2$）,hard_topology,硬杀伤-拓扑导向,0.6,35,0.24126122183562068,0.2755588942611403,0.4,0.305606705365587,40,75,7,77,35,60,0,29,19,12
strike,打击阶段（固定 $\Phi=2$）,hard_topology,硬杀伤-拓扑导向,0.7,11,0.15421659999745513,0.16772693317080808,0.05555555555555555,0.12583302957460624,30,45,6,52,20,70,0,36,20,14
strike,打击阶段（固定 $\Phi=2$）,hard_topology,硬杀伤-拓扑导向,0.7,17,0.1282717228171947,0.11804796698073602,0.11764705882352941,0.1213222495404867,30,30,2,43,3,70,0,36,22,12
strike,打击阶段（固定 $\Phi=2$）,hard_topology,硬杀伤-拓扑导向,0.7,23,0.1552367260581594,0.13483666634333705,0.16666666666666666,0.15224668635605437,30,44,9,56,20,70,0,36,21,13
strike,打击阶段（固定 $\Phi=2$）,hard_topology,硬杀伤-拓扑导向,0.7,29,0.1867633893044937,0.19613465654080303,0.16666666666666666,0.1831882375039878,30,48,6,41,11,70,0,36,24,10
strike,打击阶段（固定 $\Phi=2$）,hard_topology,硬杀伤-拓扑导向,0.7,35,0.14163346383077186,0.18736419077220615,0.15,0.1596658848676593,30,37,3,48,10,70,0,34,21,15
strike,打击阶段（固定 $\Phi=2$）,hard_topology,硬杀伤-拓扑导向,0.8,11,0.06305175470011463,0.056608448293462565,0.0,0.0398867343311924,20,14,1,16,0,80,0,40,25,15
strike,打击阶段（固定 $\Phi=2$）,hard_topology,硬杀伤-拓扑导向,0.8,17,0.08350983287382154,0.08435078359721614,0.11764705882352941,0.09516922509818902,20,20,1,29,3,80,0,43,23,14
strike,打击阶段（固定 $\Phi=2$）,hard_topology,硬杀伤-拓扑导向,0.8,23,0.07780132129135561,0.07608351801130876,0.05555555555555555,0.06981346495273998,20,22,0,36,8,80,0,41,23,16
strike,打击阶段（固定 $\Phi=2$）,hard_topology,硬杀伤-拓扑导向,0.8,29,0.09822482779315372,0.10900287224854005,0.0,0.06907590001389792,20,18,5,23,0,80,0,40,24,16
strike,打击阶段（固定 $\Phi=2$）,hard_topology,硬杀伤-拓扑导向,0.8,35,0.06311486321123903,0.11906320977494644,0.15,0.1107260243287285,20,16,4,23,5,80,0,42,22,16
strike,打击阶段（固定 $\Phi=2$）,hard_topology,硬杀伤-拓扑导向,0.9,11,0.00806620052410982,0.026055563044435816,0.0,0.011373921189515211,10,3,0,6,0,90,0,45,26,19
strike,打击阶段（固定 $\Phi=2$）,hard_topology,硬杀伤-拓扑导向,0.9,17,0.01082608273390253,0.011451759548456968,0.0,0.007425947427453165,10,4,0,4,0,90,0,47,27,16
strike,打击阶段（固定 $\Phi=2$）,hard_topology,硬杀伤-拓扑导向,0.9,23,0.034324440596022014,0.0330469355245022,0.0,0.02245712537350807,10,7,0,12,0,90,0,45,25,20
strike,打击阶段（固定 $\Phi=2$）,hard_topology,硬杀伤-拓扑导向,0.9,29,0.008064275336602658,0.03460990625323968,0.0,0.014224727196614112,10,3,1,3,0,90,0,46,26,18
strike,打击阶段（固定 $\Phi=2$）,hard_topology,硬杀伤-拓扑导向,0.9,35,0.02707677806950727,0.05599683768568186,0.0,0.02769120525172971,10,5,3,8,0,90,0,47,25,18
strike,打击阶段（固定 $\Phi=2$）,hard_topology,硬杀伤-拓扑导向,1.0,11,0.0,0.0,0.0,0.0,0,0,0,0,0,100,0,50,30,20
strike,打击阶段（固定 $\Phi=2$）,hard_topology,硬杀伤-拓扑导向,1.0,17,0.0,0.0,0.0,0.0,0,0,0,0,0,100,0,50,30,20
strike,打击阶段（固定 $\Phi=2$）,hard_topology,硬杀伤-拓扑导向,1.0,23,0.0,0.0,0.0,0.0,0,0,0,0,0,100,0,50,30,20
strike,打击阶段（固定 $\Phi=2$）,hard_topology,硬杀伤-拓扑导向,1.0,29,0.0,0.0,0.0,0.0,0,0,0,0,0,100,0,50,30,20
strike,打击阶段（固定 $\Phi=2$）,hard_topology,硬杀伤-拓扑导向,1.0,35,0.0,0.0,0.0,0.0,0,0,0,0,0,100,0,50,30,20
strike,打击阶段（固定 $\Phi=2$）,hard_role_decider,硬杀伤-角色导向(D→拓扑),0.0,11,1.0,1.0,1.0,1.0,100,491,50,539,1010,0,0,0,0,0
strike,打击阶段（固定 $\Phi=2$）,hard_role_decider,硬杀伤-角色导向(D→拓扑),0.0,17,1.0,1.0,1.0,1.0,100,496,54,580,1012,0,0,0,0,0
strike,打击阶段（固定 $\Phi=2$）,hard_role_decider,硬杀伤-角色导向(D→拓扑),0.0,23,1.0,1.0,1.0,1.0,100,536,48,625,1012,0,0,0,0,0
strike,打击阶段（固定 $\Phi=2$）,hard_role_decider,硬杀伤-角色导向(D→拓扑),0.0,29,1.0,0.9999999999999999,1.0,0.9999999999999998,100,491,30,553,878,0,0,0,0,0
strike,打击阶段（固定 $\Phi=2$）,hard_role_decider,硬杀伤-角色导向(D→拓扑),0.0,35,1.0,1.0,1.0,1.0,100,525,48,565,1006,0,0,0,0,0
strike,打击阶段（固定 $\Phi=2$）,hard_role_decider,硬杀伤-角色导向(D→拓扑),0.1,11,0.8340453145420765,0.7307394250946123,0.7222222222222222,0.7623356539529702,90,373,30,362,354,10,0,0,10,0
strike,打击阶段（固定 $\Phi=2$）,hard_role_decider,硬杀伤-角色导向(D→拓扑),0.1,17,0.8240235466120741,0.7439782413648729,0.7647058823529411,0.777569223443296,90,374,25,385,554,10,0,0,10,0
strike,打击阶段（固定 $\Phi=2$）,hard_role_decider,硬杀伤-角色导向(D→拓扑),0.1,23,0.8244701955938696,0.7467869612868889,0.8333333333333334,0.8015301634046973,90,401,35,413,673,10,0,0,10,0
strike,打击阶段（固定 $\Phi=2$）,hard_role_decider,硬杀伤-角色导向(D→拓扑),0.1,29,0.8214940764171468,0.770475740970618,1.0,0.8639899391292549,90,368,31,372,576,10,0,0,10,0
strike,打击阶段（固定 $\Phi=2$）,hard_role_decider,硬杀伤-角色导向(D→拓扑),0.1,35,0.8286867368876983,0.7365377246696916,0.9,0.8217414871857966,90,396,30,376,627,10,0,0,10,0
strike,打击阶段（固定 $\Phi=2$）,hard_role_decider,硬杀伤-角色导向(D→拓扑),0.2,11,0.6990951810773766,0.48938472756131407,0.4444444444444444,0.5443081176943783,80,294,24,249,63,20,0,0,20,0
strike,打击阶段（固定 $\Phi=2$）,hard_role_decider,硬杀伤-角色导向(D→拓扑),0.2,17,0.6941709094833817,0.49045165326486045,0.47058823529411764,0.5517369326807866,80,285,18,257,109,20,0,0,20,0
strike,打击阶段（固定 $\Phi=2$）,hard_role_decider,硬杀伤-角色导向(D→拓扑),0.2,23,0.6979042201548217,0.4986473156818102,0.3888888888888889,0.5284801415751735,80,318,21,282,96,20,0,0,20,0
strike,打击阶段（固定 $\Phi=2$）,hard_role_decider,硬杀伤-角色导向(D→拓扑),0.2,29,0.688297076422497,0.568752725132743,0.7777777777777778,0.6782758597776726,80,284,23,254,176,20,0,0,20,0
strike,打击阶段（固定 $\Phi=2$）,hard_role_decider,硬杀伤-角色导向(D→拓扑),0.2,35,0.6901265005450896,0.49828574132942755,0.45,0.5461374139581724,80,301,24,237,70,20,0,0,20,0
strike,打击阶段（固定 $\Phi=2$）,hard_role_decider,硬杀伤-角色导向(D→拓扑),0.3,11,0.6142302383890962,0.3058861127010933,0.0,0.30670545036339647,70,251,11,192,0,30,0,0,30,0
strike,打击阶段（固定 $\Phi=2$）,hard_role_decider,硬杀伤-角色导向(D→拓扑),0.3,17,0.5952389324799264,0.30011782306027657,0.0,0.2984522518467343,70,236,11,188,0,30,0,0,30,0
strike,打击阶段（固定 $\Phi=2$）,hard_role_decider,硬杀伤-角色导向(D→拓扑),0.3,23,0.6092967898697074,0.3064345501417452,0.0,0.3052437800038175,70,276,14,220,0,30,0,0,30,0
strike,打击阶段（固定 $\Phi=2$）,hard_role_decider,硬杀伤-角色导向(D→拓扑),0.3,29,0.5816929401854314,0.3007383057072933,0.0,0.2941437486309082,70,229,14,180,0,30,0,0,30,0
strike,打击阶段（固定 $\Phi=2$）,hard_role_decider,硬杀伤-角色导向(D→拓扑),0.3,35,0.5956645061951121,0.29199680409454315,0.0,0.2958871034298851,70,251,18,164,0,30,0,0,30,0
strike,打击阶段（固定 $\Phi=2$）,hard_role_decider,硬杀伤-角色导向(D→拓扑),0.4,11,0.47092594518012343,0.22064144069310562,0.0,0.230522461957743,60,165,5,120,0,40,0,8,30,2
strike,打击阶段（固定 $\Phi=2$）,hard_role_decider,硬杀伤-角色导向(D→拓扑),0.4,17,0.4344596127475286,0.2273269632848998,0.0,0.22059552534414278,60,155,9,114,0,40,0,9,30,1
strike,打击阶段（固定 $\Phi=2$）,hard_role_decider,硬杀伤-角色导向(D→拓扑),0.4,23,0.4581519232503224,0.23040489115966506,0.0,0.22951893813666246,60,181,14,136,0,40,0,9,30,1
strike,打击阶段（固定 $\Phi=2$）,hard_role_decider,硬杀伤-角色导向(D→拓扑),0.4,29,0.45938100029215245,0.230154811948897,0.0,0.22984527074701647,60,167,9,112,0,40,0,9,30,1
strike,打击阶段（固定 $\Phi=2$）,hard_role_decider,硬杀伤-角色导向(D→拓扑),0.4,35,0.4578258974232811,0.21811244949082226,0.0,0.2253127823047011,60,169,11,120,0,40,0,8,30,2
strike,打击阶段（固定 $\Phi=2$）,hard_role_decider,硬杀伤-角色导向(D→拓扑),0.5,11,0.32213113418175526,0.1688449697023057,0.0,0.163658701294687,50,110,3,80,0,50,0,16,30,4
strike,打击阶段（固定 $\Phi=2$）,hard_role_decider,硬杀伤-角色导向(D→拓扑),0.5,17,0.3273286133143077,0.17672319643052642,0.0,0.1680172699149447,50,112,5,84,0,50,0,16,30,4
strike,打击阶段（固定 $\Phi=2$）,hard_role_decider,硬杀伤-角色导向(D→拓扑),0.5,23,0.3280383302799167,0.1618834865130615,0.0,0.16330727226432606,50,127,9,108,0,50,0,15,30,5
strike,打击阶段（固定 $\Phi=2$）,hard_role_decider,硬杀伤-角色导向(D→拓扑),0.5,29,0.3371955230640598,0.17417110439808525,0.0,0.17045554248738168,50,115,5,70,0,50,0,17,30,3
strike,打击阶段（固定 $\Phi=2$）,hard_role_decider,硬杀伤-角色导向(D→拓扑),0.5,35,0.3446347844374862,0.15562834043063284,0.0,0.16675437495603967,50,113,8,84,0,50,0,15,30,5
strike,打击阶段（固定 $\Phi=2$）,hard_role_decider,硬杀伤-角色导向(D→拓扑),0.6,11,0.21057736414236417,0.12123997410121556,0.0,0.11060577941452657,40,67,3,42,0,60,0,25,30,5
strike,打击阶段（固定 $\Phi=2$）,hard_role_decider,硬杀伤-角色导向(D→拓扑),0.6,17,0.21457169923026226,0.12397460823296413,0.0,0.11284876915440878,40,60,6,50,0,60,0,23,30,7
strike,打击阶段（固定 $\Phi=2$）,hard_role_decider,硬杀伤-角色导向(D→拓扑),0.6,23,0.22175103109885852,0.10494782905775653,0.0,0.10889962005220502,40,73,3,60,0,60,0,23,30,7
strike,打击阶段（固定 $\Phi=2$）,hard_role_decider,硬杀伤-角色导向(D→拓扑),0.6,29,0.2469591983407069,0.1284274521861008,0.0,0.1251288835089359,40,77,3,40,0,60,0,26,30,4
strike,打击阶段（固定 $\Phi=2$）,hard_role_decider,硬杀伤-角色导向(D→拓扑),0.6,35,0.23894123102165277,0.10755539692756866,0.0,0.1154988759830738,40,68,4,58,0,60,0,20,30,10
strike,打击阶段（固定 $\Phi=2$）,hard_role_decider,硬杀伤-角色导向(D→拓扑),0.7,11,0.17967980084347485,0.09099414972254899,0.0,0.09022465018867461,30,51,2,26,0,70,0,32,30,8
strike,打击阶段（固定 $\Phi=2$）,hard_role_decider,硬杀伤-角色导向(D→拓扑),0.7,17,0.12915156644374914,0.07213631142923832,0.0,0.06709595929099582,30,28,2,20,0,70,0,32,30,8
strike,打击阶段（固定 $\Phi=2$）,hard_role_decider,硬杀伤-角色导向(D→拓扑),0.7,23,0.14726833624386892,0.07100585424656547,0.0,0.07275806349681146,30,41,4,30,0,70,0,31,30,9
strike,打击阶段（固定 $\Phi=2$）,hard_role_decider,硬杀伤-角色导向(D→拓扑),0.7,29,0.17729394813958219,0.09018885884080119,0.0,0.08916093566012778,30,45,2,34,0,70,0,30,30,10
strike,打击阶段（固定 $\Phi=2$）,hard_role_decider,硬杀伤-角色导向(D→拓扑),0.7,35,0.14683978899219316,0.07037005024298564,0.0,0.07240327974505958,30,39,2,26,0,70,0,28,30,12
strike,打击阶段（固定 $\Phi=2$）,hard_role_decider,硬杀伤-角色导向(D→拓扑),0.8,11,0.11168522663696111,0.055067498513409786,0.0,0.05558424171679029,20,27,2,24,0,80,0,36,30,14
strike,打击阶段（固定 $\Phi=2$）,hard_role_decider,硬杀伤-角色导向(D→拓扑),0.8,17,0.015358358974885078,0.03176786686157491,0.0,0.01570874194548666,20,9,1,8,0,80,0,38,30,12
strike,打击阶段（固定 $\Phi=2$）,hard_role_decider,硬杀伤-角色导向(D→拓扑),0.8,23,0.06930474401424679,0.033187682798236744,0.0,0.03416414227082784,20,16,0,18,0,80,0,36,30,14
strike,打击阶段（固定 $\Phi=2$）,hard_role_decider,硬杀伤-角色导向(D→拓扑),0.8,29,0.12384024310631159,0.04961011691912881,0.0,0.057816786675146795,20,27,1,22,0,80,0,37,30,13
strike,打击阶段（固定 $\Phi=2$）,hard_role_decider,硬杀伤-角色导向(D→拓扑),0.8,35,0.04680342415076765,0.030477363575676642,0.0,0.025760262575481432,20,13,1,12,0,80,0,35,30,15
strike,打击阶段（固定 $\Phi=2$）,hard_role_decider,硬杀伤-角色导向(D→拓扑),0.9,11,0.00806620052410982,0.013384585850707384,0.0,0.007150262124939067,10,3,0,4,0,90,0,43,30,17
strike,打击阶段（固定 $\Phi=2$）,hard_role_decider,硬杀伤-角色导向(D→拓扑),0.9,17,0.008119562050426896,0.01149628699774971,0.0,0.0065386163493922015,10,3,0,2,0,90,0,44,30,16
strike,打击阶段（固定 $\Phi=2$）,hard_role_decider,硬杀伤-角色导向(D→拓扑),0.9,23,0.011448672246148109,0.007523302857223176,0.0,0.006323991701123761,10,4,0,6,0,90,0,41,30,19
strike,打击阶段（固定 $\Phi=2$）,hard_role_decider,硬杀伤-角色导向(D→拓扑),0.9,29,0.03391002310968723,0.018136437307849303,0.0,0.017348820139178843,10,7,0,6,0,90,0,43,30,17
strike,打击阶段（固定 $\Phi=2$）,hard_role_decider,硬杀伤-角色导向(D→拓扑),0.9,35,0.005109879736787439,0.006726115002111716,0.0,0.0039453315796330515,10,2,0,2,0,90,0,43,30,17
strike,打击阶段（固定 $\Phi=2$）,hard_role_decider,硬杀伤-角色导向(D→拓扑),1.0,11,0.0,0.0,0.0,0.0,0,0,0,0,0,100,0,50,30,20
strike,打击阶段（固定 $\Phi=2$）,hard_role_decider,硬杀伤-角色导向(D→拓扑),1.0,17,0.0,0.0,0.0,0.0,0,0,0,0,0,100,0,50,30,20
strike,打击阶段（固定 $\Phi=2$）,hard_role_decider,硬杀伤-角色导向(D→拓扑),1.0,23,0.0,0.0,0.0,0.0,0,0,0,0,0,100,0,50,30,20
strike,打击阶段（固定 $\Phi=2$）,hard_role_decider,硬杀伤-角色导向(D→拓扑),1.0,29,0.0,0.0,0.0,0.0,0,0,0,0,0,100,0,50,30,20
strike,打击阶段（固定 $\Phi=2$）,hard_role_decider,硬杀伤-角色导向(D→拓扑),1.0,35,0.0,0.0,0.0,0.0,0,0,0,0,0,100,0,50,30,20
strike,打击阶段（固定 $\Phi=2$）,soft_random,网络压制-随机攻击,0.0,11,1.0,1.0,1.0,1.0,100,491,50,539,1010,0,0,0,0,0
strike,打击阶段（固定 $\Phi=2$）,soft_random,网络压制-随机攻击,0.0,17,1.0,1.0,1.0,1.0,100,496,54,580,1012,0,0,0,0,0
strike,打击阶段（固定 $\Phi=2$）,soft_random,网络压制-随机攻击,0.0,23,1.0,1.0,1.0,1.0,100,536,48,625,1012,0,0,0,0,0
strike,打击阶段（固定 $\Phi=2$）,soft_random,网络压制-随机攻击,0.0,29,1.0,0.9999999999999999,1.0,0.9999999999999998,100,491,30,553,878,0,0,0,0,0
strike,打击阶段（固定 $\Phi=2$）,soft_random,网络压制-随机攻击,0.0,35,1.0,1.0,1.0,1.0,100,525,48,565,1006,0,0,0,0,0
strike,打击阶段（固定 $\Phi=2$）,soft_random,网络压制-随机攻击,0.1,11,1.0,0.884836943939022,0.8333333333333334,0.9060567590907851,100,491,39,443,930,0,10,5,2,3
strike,打击阶段（固定 $\Phi=2$）,soft_random,网络压制-随机攻击,0.1,17,1.0,0.8728017904754185,0.9411764705882353,0.9379927536878845,100,496,44,484,1009,0,10,6,3,1
strike,打击阶段（固定 $\Phi=2$）,soft_random,网络压制-随机攻击,0.1,23,1.0,0.8438234946787255,0.8888888888888888,0.9109041278558714,100,536,44,517,1013,0,10,5,3,2
strike,打击阶段（固定 $\Phi=2$）,soft_random,网络压制-随机攻击,0.1,29,1.0,0.8474181894873686,0.9444444444444444,0.930620877977271,100,491,34,454,604,0,10,4,3,3
strike,打击阶段（固定 $\Phi=2$）,soft_random,网络压制-随机攻击,0.1,35,1.0,0.8694689150127025,0.9,0.9231563050042342,100,525,42,442,1012,0,10,5,3,2
strike,打击阶段（固定 $\Phi=2$）,soft_random,网络压制-随机攻击,0.2,11,1.0,0.7689203917447552,0.7222222222222222,0.8303808713223257,100,491,29,370,586,0,20,10,4,6
strike,打击阶段（固定 $\Phi=2$）,soft_random,网络压制-随机攻击,0.2,17,1.0,0.7083146438852783,0.8823529411764706,0.8635558616872495,100,496,28,355,731,0,20,11,7,2
strike,打击阶段（固定 $\Phi=2$）,soft_random,网络压制-随机攻击,0.2,23,1.0,0.7056521328577996,0.8333333333333334,0.8463284887303776,100,536,37,392,849,0,20,10,6,4
strike,打击阶段（固定 $\Phi=2$）,soft_random,网络压制-随机攻击,0.2,29,1.0,0.6916253925720028,0.8888888888888888,0.8601714271536305,100,491,29,355,458,0,20,9,7,4
strike,打击阶段（固定 $\Phi=2$）,soft_random,网络压制-随机攻击,0.2,35,1.0,0.7352672562554865,0.7,0.811755752085162,100,525,33,369,717,0,20,9,5,6
strike,打击阶段（固定 $\Phi=2$）,soft_random,网络压制-随机攻击,0.3,11,1.0,0.6769409250865759,0.6111111111111112,0.7626840120658956,100,491,20,288,344,0,30,17,5,8
strike,打击阶段（固定 $\Phi=2$）,soft_random,网络压制-随机攻击,0.3,17,1.0,0.5395146877795512,0.7058823529411765,0.7484656802402425,100,496,22,262,397,0,30,13,12,5
strike,打击阶段（固定 $\Phi=2$）,soft_random,网络压制-随机攻击,0.3,23,1.0,0.6189547374528548,0.7222222222222222,0.7803923198916922,100,536,33,312,590,0,30,17,7,6
strike,打击阶段（固定 $\Phi=2$）,soft_random,网络压制-随机攻击,0.3,29,1.0,0.5941834683843294,0.7777777777777778,0.7906537487207024,100,491,21,261,174,0,30,17,7,6
strike,打击阶段（固定 $\Phi=2$）,soft_random,网络压制-随机攻击,0.3,35,1.0,0.579619604364087,0.5,0.693206534788029,100,525,26,321,529,0,30,13,7,10
strike,打击阶段（固定 $\Phi=2$）,soft_random,网络压制-随机攻击,0.4,11,1.0,0.5135218348131655,0.4444444444444444,0.6526554264192033,100,491,14,218,179,0,40,21,8,11
strike,打击阶段（固定 $\Phi=2$）,soft_random,网络压制-随机攻击,0.4,17,1.0,0.4144594531006627,0.5294117647058824,0.6479570726021817,100,496,12,170,152,0,40,18,17,5
strike,打击阶段（固定 $\Phi=2$）,soft_random,网络压制-随机攻击,0.4,23,1.0,0.4553387491906919,0.4444444444444444,0.6332610645450454,100,536,18,228,312,0,40,19,11,10
strike,打击阶段（固定 $\Phi=2$）,soft_random,网络压制-随机攻击,0.4,29,1.0,0.44518648593679594,0.7777777777777778,0.7409880879048578,100,491,14,173,130,0,40,21,13,6
strike,打击阶段（固定 $\Phi=2$）,soft_random,网络压制-随机攻击,0.4,35,1.0,0.4737677997441018,0.4,0.6245892665813673,100,525,18,237,265,0,40,19,9,12
strike,打击阶段（固定 $\Phi=2$）,soft_random,网络压制-随机攻击,0.5,11,1.0,0.41503791051430466,0.3888888888888889,0.6013089331343978,100,491,10,145,84,0,50,28,10,12
strike,打击阶段（固定 $\Phi=2$）,soft_random,网络压制-随机攻击,0.5,17,1.0,0.2804761658589178,0.35294117647058826,0.5444724474431687,100,496,7,115,66,0,50,24,18,8
strike,打击阶段（固定 $\Phi=2$）,soft_random,网络压制-随机攻击,0.5,23,1.0,0.3250504321330914,0.3888888888888889,0.5713131070073267,100,536,12,148,164,0,50,24,15,11
strike,打击阶段（固定 $\Phi=2$）,soft_random,网络压制-随机攻击,0.5,29,1.0,0.35411681857025407,0.4444444444444444,0.5995204210048994,100,491,11,137,78,0,50,25,15,10
strike,打击阶段（固定 $\Phi=2$）,soft_random,网络压制-随机攻击,0.5,35,1.0,0.33268900008851093,0.35,0.560896333362837,100,525,14,140,89,0,50,24,14,12
strike,打击阶段（固定 $\Phi=2$）,soft_random,网络压制-随机攻击,0.6,11,1.0,0.22732361179071225,0.1111111111111111,0.4461449076339411,100,491,7,93,34,0,60,31,16,13
strike,打击阶段（固定 $\Phi=2$）,soft_random,网络压制-随机攻击,0.6,17,1.0,0.205378531391067,0.29411764705882354,0.4998320594832968,100,496,2,73,33,0,60,30,20,10
strike,打击阶段（固定 $\Phi=2$）,soft_random,网络压制-随机攻击,0.6,23,1.0,0.2035520871849058,0.3888888888888889,0.5308136586912648,100,536,6,87,72,0,60,30,19,11
strike,打击阶段（固定 $\Phi=2$）,soft_random,网络压制-随机攻击,0.6,29,1.0,0.2476816907741723,0.2222222222222222,0.48996797099879813,100,491,9,86,19,0,60,30,17,13
strike,打击阶段（固定 $\Phi=2$）,soft_random,网络压制-随机攻击,0.6,35,1.0,0.21874992707856647,0.35,0.5229166423595222,100,525,12,82,49,0,60,29,18,13
strike,打击阶段（固定 $\Phi=2$）,soft_random,网络压制-随机攻击,0.7,11,1.0,0.1468990692566014,0.1111111111111111,0.4193367267892375,100,491,3,58,29,0,70,36,19,15
strike,打击阶段（固定 $\Phi=2$）,soft_random,网络压制-随机攻击,0.7,17,1.0,0.12278858281531231,0.11764705882352941,0.4134785472129472,100,496,2,45,12,0,70,33,22,15
strike,打击阶段（固定 $\Phi=2$）,soft_random,网络压制-随机攻击,0.7,23,1.0,0.10429792635723209,0.16666666666666666,0.4236548643412996,100,536,4,54,14,0,70,34,21,15
strike,打击阶段（固定 $\Phi=2$）,soft_random,网络压制-随机攻击,0.7,29,1.0,0.14598703232696908,0.05555555555555555,0.4005141959608415,100,491,3,48,4,0,70,34,20,16
strike,打击阶段（固定 $\Phi=2$）,soft_random,网络压制-随机攻击,0.7,35,1.0,0.11877243047813982,0.2,0.4395908101593799,100,525,5,38,15,0,70,33,23,14
strike,打击阶段（固定 $\Phi=2$）,soft_random,网络压制-随机攻击,0.8,11,1.0,0.10091839972397622,0.1111111111111111,0.40400983694502907,100,491,2,34,26,0,80,41,22,17
strike,打击阶段（固定 $\Phi=2$）,soft_random,网络压制-随机攻击,0.8,17,1.0,0.05573272613251385,0.0,0.3519109087108379,100,496,1,17,0,0,80,38,25,17
strike,打击阶段（固定 $\Phi=2$）,soft_random,网络压制-随机攻击,0.8,23,1.0,0.06016170625185032,0.16666666666666666,0.4089427909728389,100,536,3,21,9,0,80,39,25,16
strike,打击阶段（固定 $\Phi=2$）,soft_random,网络压制-随机攻击,0.8,29,1.0,0.049167995716164904,0.05555555555555555,0.36824118375724013,100,491,0,19,4,0,80,38,25,17
strike,打击阶段（固定 $\Phi=2$）,soft_random,网络压制-随机攻击,0.8,35,1.0,0.05744806177875813,0.05,0.3691493539262527,100,525,2,19,1,0,80,37,26,17
strike,打击阶段（固定 $\Phi=2$）,soft_random,网络压制-随机攻击,0.9,11,1.0,0.010568064313759003,0.05555555555555555,0.3553745399564382,100,491,0,9,1,0,90,45,28,17
strike,打击阶段（固定 $\Phi=2$）,soft_random,网络压制-随机攻击,0.9,17,1.0,0.010737445668310594,0.0,0.33691248188943684,100,496,0,8,0,0,90,43,27,20
strike,打击阶段（固定 $\Phi=2$）,soft_random,网络压制-随机攻击,0.9,23,1.0,0.006402730780542331,0.05555555555555555,0.35398609544536597,100,536,0,5,1,0,90,43,29,18
strike,打击阶段（固定 $\Phi=2$）,soft_random,网络压制-随机攻击,0.9,29,1.0,0.012109089200531565,0.0,0.33736969640017717,100,491,0,10,0,0,90,41,29,20
strike,打击阶段（固定 $\Phi=2$）,soft_random,网络压制-随机攻击,0.9,35,1.0,0.004424581819443749,0.0,0.3348081939398146,100,525,0,2,0,0,90,43,29,18
strike,打击阶段（固定 $\Phi=2$）,soft_random,网络压制-随机攻击,1.0,11,1.0,0.0,0.0,0.3333333333333333,100,491,0,0,0,0,100,50,30,20
strike,打击阶段（固定 $\Phi=2$）,soft_random,网络压制-随机攻击,1.0,17,1.0,0.0,0.0,0.3333333333333333,100,496,0,0,0,0,100,50,30,20
strike,打击阶段（固定 $\Phi=2$）,soft_random,网络压制-随机攻击,1.0,23,1.0,0.0,0.0,0.3333333333333333,100,536,0,0,0,0,100,50,30,20
strike,打击阶段（固定 $\Phi=2$）,soft_random,网络压制-随机攻击,1.0,29,1.0,0.0,0.0,0.3333333333333333,100,491,0,0,0,0,100,50,30,20
strike,打击阶段（固定 $\Phi=2$）,soft_random,网络压制-随机攻击,1.0,35,1.0,0.0,0.0,0.3333333333333333,100,525,0,0,0,0,100,50,30,20
strike,打击阶段（固定 $\Phi=2$）,soft_topology,网络压制-拓扑导向,0.0,11,1.0,1.0,1.0,1.0,100,491,50,539,1010,0,0,0,0,0
strike,打击阶段（固定 $\Phi=2$）,soft_topology,网络压制-拓扑导向,0.0,17,1.0,1.0,1.0,1.0,100,496,54,580,1012,0,0,0,0,0
strike,打击阶段（固定 $\Phi=2$）,soft_topology,网络压制-拓扑导向,0.0,23,1.0,1.0,1.0,1.0,100,536,48,625,1012,0,0,0,0,0
strike,打击阶段（固定 $\Phi=2$）,soft_topology,网络压制-拓扑导向,0.0,29,1.0,0.9999999999999999,1.0,0.9999999999999998,100,491,30,553,878,0,0,0,0,0
strike,打击阶段（固定 $\Phi=2$）,soft_topology,网络压制-拓扑导向,0.0,35,1.0,1.0,1.0,1.0,100,525,48,565,1006,0,0,0,0,0
strike,打击阶段（固定 $\Phi=2$）,soft_topology,网络压制-拓扑导向,0.1,11,1.0,0.8644247992091251,0.8333333333333334,0.899252710847486,100,491,38,415,647,0,10,6,2,2
strike,打击阶段（固定 $\Phi=2$）,soft_topology,网络压制-拓扑导向,0.1,17,1.0,0.9215682655408134,0.9411764705882353,0.9542482453763494,100,496,49,420,914,0,10,9,1,0
strike,打击阶段（固定 $\Phi=2$）,soft_topology,网络压制-拓扑导向,0.1,23,1.0,0.8524663806306082,0.9444444444444444,0.9323036083583508,100,536,37,450,1003,0,10,6,3,1
strike,打击阶段（固定 $\Phi=2$）,soft_topology,网络压制-拓扑导向,0.1,29,1.0,0.8977820479084622,1.0,0.9659273493028206,100,491,22,381,530,0,10,8,2,0
strike,打击阶段（固定 $\Phi=2$）,soft_topology,网络压制-拓扑导向,0.1,35,1.0,0.9056654595581106,0.95,0.9518884865193702,100,525,40,425,769,0,10,8,1,1
strike,打击阶段（固定 $\Phi=2$）,soft_topology,网络压制-拓扑导向,0.2,11,1.0,0.7884056789923,0.5555555555555556,0.7813204115159518,100,491,29,310,348,0,20,13,3,4
strike,打击阶段（固定 $\Phi=2$）,soft_topology,网络压制-拓扑导向,0.2,17,1.0,0.7301372053962006,0.7058823529411765,0.8120065194457924,100,496,36,352,631,0,20,11,6,3
strike,打击阶段（固定 $\Phi=2$）,soft_topology,网络压制-拓扑导向,0.2,23,1.0,0.6965822088946918,0.6111111111111112,0.769231106668601,100,536,26,366,541,0,20,11,5,4
strike,打击阶段（固定 $\Phi=2$）,soft_topology,网络压制-拓扑导向,0.2,29,1.0,0.728006959374285,0.9444444444444444,0.8908171346062431,100,491,14,275,354,0,20,11,8,1
strike,打击阶段（固定 $\Phi=2$）,soft_topology,网络压制-拓扑导向,0.2,35,1.0,0.7819382400757985,0.85,0.8773127466919327,100,525,32,311,406,0,20,12,5,3
strike,打击阶段（固定 $\Phi=2$）,soft_topology,网络压制-拓扑导向,0.3,11,1.0,0.6966411908898275,0.5,0.7322137302966091,100,491,24,222,221,0,30,21,5,4
strike,打击阶段（固定 $\Phi=2$）,soft_topology,网络压制-拓扑导向,0.3,17,1.0,0.632868652511897,0.6470588235294118,0.7599758253471028,100,496,32,278,495,0,30,18,8,4
strike,打击阶段（固定 $\Phi=2$）,soft_topology,网络压制-拓扑导向,0.3,23,1.0,0.590153044065837,0.6111111111111112,0.7337547183923161,100,536,21,276,355,0,30,18,7,5
strike,打击阶段（固定 $\Phi=2$）,soft_topology,网络压制-拓扑导向,0.3,29,1.0,0.6096239655390809,0.8888888888888888,0.8328376181426566,100,491,10,202,250,0,30,15,13,2
strike,打击阶段（固定 $\Phi=2$）,soft_topology,网络压制-拓扑导向,0.3,35,1.0,0.6306118127504584,0.7,0.7768706042501528,100,525,25,253,260,0,30,16,9,5
strike,打击阶段（固定 $\Phi=2$）,soft_topology,网络压制-拓扑导向,0.4,11,1.0,0.5465150895244879,0.2777777777777778,0.6080976224340885,100,491,17,149,136,0,40,25,10,5
strike,打击阶段（固定 $\Phi=2$）,soft_topology,网络压制-拓扑导向,0.4,17,1.0,0.4682940160202409,0.4117647058823529,0.6266862406341979,100,496,21,180,174,0,40,20,14,6
strike,打击阶段（固定 $\Phi=2$）,soft_topology,网络压制-拓扑导向,0.4,23,1.0,0.5088136287382947,0.6111111111111112,0.7066415799498019,100,536,16,192,171,0,40,23,10,7
strike,打击阶段（固定 $\Phi=2$）,soft_topology,网络压制-拓扑导向,0.4,29,1.0,0.5113124627575077,0.7777777777777778,0.7630300801784284,100,491,8,153,170,0,40,21,16,3
strike,打击阶段（固定 $\Phi=2$）,soft_topology,网络压制-拓扑导向,0.4,35,1.0,0.48764058806033445,0.5,0.6625468626867781,100,525,18,179,131,0,40,20,13,7
strike,打击阶段（固定 $\Phi=2$）,soft_topology,网络压制-拓扑导向,0.5,11,1.0,0.38285065453631856,0.16666666666666666,0.5165057737343284,100,491,11,89,44,0,50,28,16,6
strike,打击阶段（固定 $\Phi=2$）,soft_topology,网络压制-拓扑导向,0.5,17,1.0,0.31462706715952643,0.35294117647058826,0.5558560812100382,100,496,10,105,44,0,50,26,17,7
strike,打击阶段（固定 $\Phi=2$）,soft_topology,网络压制-拓扑导向,0.5,23,1.0,0.4002682243216084,0.48148148148148145,0.6272499019343633,100,536,12,127,71,0,50,27,15,8
strike,打击阶段（固定 $\Phi=2$）,soft_topology,网络压制-拓扑导向,0.5,29,1.0,0.39951280627705804,0.5,0.6331709354256859,100,491,6,104,96,0,50,27,19,4
strike,打击阶段（固定 $\Phi=2$）,soft_topology,网络压制-拓扑导向,0.5,35,1.0,0.34899870117115545,0.4,0.5829995670570518,100,525,12,124,47,0,50,21,18,11
strike,打击阶段（固定 $\Phi=2$）,soft_topology,网络压制-拓扑导向,0.6,11,1.0,0.2865772872625539,0.1111111111111111,0.4658961327912216,100,491,8,63,40,0,60,35,17,8
strike,打击阶段（固定 $\Phi=2$）,soft_topology,网络压制-拓扑导向,0.6,17,1.0,0.23493837840941748,0.29411764705882354,0.5096853418227469,100,496,7,72,24,0,60,33,19,8
strike,打击阶段（固定 $\Phi=2$）,soft_topology,网络压制-拓扑导向,0.6,23,1.0,0.25675511627770176,0.3333333333333333,0.5300294832036783,100,536,4,80,39,0,60,32,19,9
strike,打击阶段（固定 $\Phi=2$）,soft_topology,网络压制-拓扑导向,0.6,29,1.0,0.2990535991076905,0.3333333333333333,0.5441289774803413,100,491,5,80,42,0,60,30,20,10
strike,打击阶段（固定 $\Phi=2$）,soft_topology,网络压制-拓扑导向,0.6,35,1.0,0.2946516737254519,0.4,0.5648838912418173,100,525,7,77,35,0,60,29,19,12
strike,打击阶段（固定 $\Phi=2$）,soft_topology,网络压制-拓扑导向,0.7,11,1.0,0.1869432478748656,0.05555555555555555,0.4141662678101403,100,491,6,52,20,0,70,36,20,14
strike,打击阶段（固定 $\Phi=2$）,soft_topology,网络压制-拓扑导向,0.7,17,1.0,0.12480022525990286,0.11764705882352941,0.41414909469447736,100,496,1,43,3,0,70,36,22,12
strike,打击阶段（固定 $\Phi=2$）,soft_topology,网络压制-拓扑导向,0.7,23,1.0,0.151438856281586,0.16666666666666666,0.4393685076494175,100,536,3,56,19,0,70,36,21,13
strike,打击阶段（固定 $\Phi=2$）,soft_topology,网络压制-拓扑导向,0.7,29,1.0,0.21578782612969358,0.16666666666666666,0.4608181642654534,100,491,5,41,11,0,70,36,24,10
strike,打击阶段（固定 $\Phi=2$）,soft_topology,网络压制-拓扑导向,0.7,35,1.0,0.19769613519475318,0.15,0.4492320450649177,100,525,4,48,10,0,70,34,21,15
strike,打击阶段（固定 $\Phi=2$）,soft_topology,网络压制-拓扑导向,0.8,11,1.0,0.059030263991431714,0.0,0.3530100879971439,100,491,1,16,0,0,80,40,25,15
strike,打击阶段（固定 $\Phi=2$）,soft_topology,网络压制-拓扑导向,0.8,17,1.0,0.0919931478692752,0.11764705882352941,0.4032134022309348,100,496,1,29,3,0,80,43,23,14
strike,打击阶段（固定 $\Phi=2$）,soft_topology,网络压制-拓扑导向,0.8,23,1.0,0.09167424079532165,0.05555555555555555,0.38240993211695906,100,536,2,36,8,0,80,41,23,16
strike,打击阶段（固定 $\Phi=2$）,soft_topology,网络压制-拓扑导向,0.8,29,1.0,0.11527609895572315,0.0,0.37175869965190766,100,491,2,23,0,0,80,40,24,16
strike,打击阶段（固定 $\Phi=2$）,soft_topology,网络压制-拓扑导向,0.8,35,1.0,0.12712300672514984,0.15,0.42570766890838324,100,525,2,23,5,0,80,42,22,16
strike,打击阶段（固定 $\Phi=2$）,soft_topology,网络压制-拓扑导向,0.9,11,1.0,0.026055563044435816,0.0,0.3420185210148119,100,491,0,6,0,0,90,45,26,19
strike,打击阶段（固定 $\Phi=2$）,soft_topology,网络压制-拓扑导向,0.9,17,1.0,0.011451759548456968,0.0,0.3371505865161523,100,496,0,4,0,0,90,47,27,16
strike,打击阶段（固定 $\Phi=2$）,soft_topology,网络压制-拓扑导向,0.9,23,1.0,0.0346802890446777,0.0,0.3448934296815592,100,536,0,12,0,0,90,45,25,20
strike,打击阶段（固定 $\Phi=2$）,soft_topology,网络压制-拓扑导向,0.9,29,1.0,0.03460990625323968,0.0,0.3448699687510799,100,491,1,3,0,0,90,46,26,18
strike,打击阶段（固定 $\Phi=2$）,soft_topology,网络压制-拓扑导向,0.9,35,1.0,0.06327054813479054,0.0,0.35442351604493016,100,525,1,8,0,0,90,47,25,18
strike,打击阶段（固定 $\Phi=2$）,soft_topology,网络压制-拓扑导向,1.0,11,1.0,0.0,0.0,0.3333333333333333,100,491,0,0,0,0,100,50,30,20
strike,打击阶段（固定 $\Phi=2$）,soft_topology,网络压制-拓扑导向,1.0,17,1.0,0.0,0.0,0.3333333333333333,100,496,0,0,0,0,100,50,30,20
strike,打击阶段（固定 $\Phi=2$）,soft_topology,网络压制-拓扑导向,1.0,23,1.0,0.0,0.0,0.3333333333333333,100,536,0,0,0,0,100,50,30,20
strike,打击阶段（固定 $\Phi=2$）,soft_topology,网络压制-拓扑导向,1.0,29,1.0,0.0,0.0,0.3333333333333333,100,491,0,0,0,0,100,50,30,20
strike,打击阶段（固定 $\Phi=2$）,soft_topology,网络压制-拓扑导向,1.0,35,1.0,0.0,0.0,0.3333333333333333,100,525,0,0,0,0,100,50,30,20
strike,打击阶段（固定 $\Phi=2$）,soft_role_decider,网络压制-角色导向(D→拓扑),0.0,11,1.0,1.0,1.0,1.0,100,491,50,539,1010,0,0,0,0,0
strike,打击阶段（固定 $\Phi=2$）,soft_role_decider,网络压制-角色导向(D→拓扑),0.0,17,1.0,1.0,1.0,1.0,100,496,54,580,1012,0,0,0,0,0
strike,打击阶段（固定 $\Phi=2$）,soft_role_decider,网络压制-角色导向(D→拓扑),0.0,23,1.0,1.0,1.0,1.0,100,536,48,625,1012,0,0,0,0,0
strike,打击阶段（固定 $\Phi=2$）,soft_role_decider,网络压制-角色导向(D→拓扑),0.0,29,1.0,0.9999999999999999,1.0,0.9999999999999998,100,491,30,553,878,0,0,0,0,0
strike,打击阶段（固定 $\Phi=2$）,soft_role_decider,网络压制-角色导向(D→拓扑),0.0,35,1.0,1.0,1.0,1.0,100,525,48,565,1006,0,0,0,0,0
strike,打击阶段（固定 $\Phi=2$）,soft_role_decider,网络压制-角色导向(D→拓扑),0.1,11,1.0,0.7407957246008584,0.7222222222222222,0.8210059822743602,100,491,30,362,354,0,10,0,10,0
strike,打击阶段（固定 $\Phi=2$）,soft_role_decider,网络压制-角色导向(D→拓扑),0.1,17,1.0,0.7541092893164344,0.7647058823529411,0.8396050572231251,100,496,36,385,554,0,10,0,10,0
strike,打击阶段（固定 $\Phi=2$）,soft_role_decider,网络压制-角色导向(D→拓扑),0.1,23,1.0,0.7582734231805522,0.8333333333333334,0.8638689188379619,100,536,31,413,673,0,10,0,10,0
strike,打击阶段（固定 $\Phi=2$）,soft_role_decider,网络压制-角色导向(D→拓扑),0.1,29,1.0,0.7811280120697515,1.0,0.9270426706899171,100,491,16,372,576,0,10,0,10,0
strike,打击阶段（固定 $\Phi=2$）,soft_role_decider,网络压制-角色导向(D→拓扑),0.1,35,1.0,0.7472705005874454,0.9,0.8824235001958152,100,525,34,376,627,0,10,0,10,0
strike,打击阶段（固定 $\Phi=2$）,soft_role_decider,网络压制-角色导向(D→拓扑),0.2,11,1.0,0.5043046971929493,0.4444444444444444,0.6495830472124646,100,491,16,249,63,0,20,0,20,0
strike,打击阶段（固定 $\Phi=2$）,soft_role_decider,网络压制-角色导向(D→拓扑),0.2,17,1.0,0.5042588321678855,0.47058823529411764,0.6582823558206677,100,496,23,257,109,0,20,0,20,0
strike,打击阶段（固定 $\Phi=2$）,soft_role_decider,网络压制-角色导向(D→拓扑),0.2,23,1.0,0.5148685014580121,0.3888888888888889,0.6345857967823003,100,536,17,282,96,0,20,0,20,0
strike,打击阶段（固定 $\Phi=2$）,soft_role_decider,网络压制-角色导向(D→拓扑),0.2,29,1.0,0.584272541676142,0.7777777777777778,0.78735010648464,100,491,9,254,176,0,20,0,20,0
strike,打击阶段（固定 $\Phi=2$）,soft_role_decider,网络压制-角色导向(D→拓扑),0.2,35,1.0,0.5122994276586205,0.45,0.6540998092195401,100,525,19,237,70,0,20,0,20,0
strike,打击阶段（固定 $\Phi=2$）,soft_role_decider,网络压制-角色导向(D→拓扑),0.3,11,1.0,0.32422522786081226,0.0,0.44140840928693736,100,491,11,192,0,0,30,0,30,0
strike,打击阶段（固定 $\Phi=2$）,soft_role_decider,网络压制-角色导向(D→拓扑),0.3,17,1.0,0.3172088712834148,0.0,0.43906962376113823,100,496,14,188,0,0,30,0,30,0
strike,打击阶段（固定 $\Phi=2$）,soft_role_decider,网络压制-角色导向(D→拓扑),0.3,23,1.0,0.32711053666037476,0.0,0.44237017888679153,100,536,14,220,0,0,30,0,30,0
strike,打击阶段（固定 $\Phi=2$）,soft_role_decider,网络压制-角色导向(D→拓扑),0.3,29,1.0,0.31649508787150815,0.0,0.43883169595716937,100,491,6,180,0,0,30,0,30,0
strike,打击阶段（固定 $\Phi=2$）,soft_role_decider,网络压制-角色导向(D→拓扑),0.3,35,1.0,0.30918231893463255,0.0,0.4363941063115442,100,525,14,164,0,0,30,0,30,0
strike,打击阶段（固定 $\Phi=2$）,soft_role_decider,网络压制-角色导向(D→拓扑),0.4,11,1.0,0.23553663627493446,0.0,0.41184554542497814,100,491,4,120,0,0,40,8,30,2
strike,打击阶段（固定 $\Phi=2$）,soft_role_decider,网络压制-角色导向(D→拓扑),0.4,17,1.0,0.2431256046905862,0.0,0.4143752015635287,100,496,8,114,0,0,40,9,30,1
strike,打击阶段（固定 $\Phi=2$）,soft_role_decider,网络压制-角色导向(D→拓扑),0.4,23,1.0,0.2488539551641239,0.0,0.41628465172137463,100,536,10,136,0,0,40,9,30,1
strike,打击阶段（固定 $\Phi=2$）,soft_role_decider,网络压制-角色导向(D→拓扑),0.4,29,1.0,0.24617322955528115,0.0,0.415391076518427,100,491,3,112,0,0,40,9,30,1
strike,打击阶段（固定 $\Phi=2$）,soft_role_decider,网络压制-角色导向(D→拓扑),0.4,35,1.0,0.23369461004178146,0.0,0.4112315366805938,100,525,12,120,0,0,40,8,30,2
strike,打击阶段（固定 $\Phi=2$）,soft_role_decider,网络压制-角色导向(D→拓扑),0.5,11,1.0,0.18278126099724576,0.0,0.39426042033241526,100,491,2,80,0,0,50,16,30,4
strike,打击阶段（固定 $\Phi=2$）,soft_role_decider,网络压制-角色导向(D→拓扑),0.5,17,1.0,0.19353645297043515,0.0,0.3978454843234783,100,496,7,84,0,0,50,16,30,4
strike,打击阶段（固定 $\Phi=2$）,soft_role_decider,网络压制-角色导向(D→拓扑),0.5,23,1.0,0.17819852707499764,0.0,0.3927328423583325,100,536,7,108,0,0,50,15,30,5
strike,打击阶段（固定 $\Phi=2$）,soft_role_decider,网络压制-角色导向(D→拓扑),0.5,29,1.0,0.1899222940585534,0.0,0.3966407646861845,100,491,2,70,0,0,50,17,30,3
strike,打击阶段（固定 $\Phi=2$）,soft_role_decider,网络压制-角色导向(D→拓扑),0.5,35,1.0,0.16917969594560944,0.0,0.3897265653152031,100,525,10,84,0,0,50,15,30,5
strike,打击阶段（固定 $\Phi=2$）,soft_role_decider,网络压制-角色导向(D→拓扑),0.6,11,1.0,0.13351883043330107,0.0,0.3778396101444337,100,491,2,42,0,0,60,25,30,5
strike,打击阶段（固定 $\Phi=2$）,soft_role_decider,网络压制-角色导向(D→拓扑),0.6,17,1.0,0.13523441106986672,0.0,0.3784114703566222,100,496,6,50,0,0,60,23,30,7
strike,打击阶段（固定 $\Phi=2$）,soft_role_decider,网络压制-角色导向(D→拓扑),0.6,23,1.0,0.1165049694366077,0.0,0.3721683231455359,100,536,4,60,0,0,60,23,30,7
strike,打击阶段（固定 $\Phi=2$）,soft_role_decider,网络压制-角色导向(D→拓扑),0.6,29,1.0,0.141078605664923,0.0,0.380359535221641,100,491,2,40,0,0,60,26,30,4
strike,打击阶段（固定 $\Phi=2$）,soft_role_decider,网络压制-角色导向(D→拓扑),0.6,35,1.0,0.11774907919730936,0.0,0.3725830263991031,100,525,6,58,0,0,60,20,30,10
strike,打击阶段（固定 $\Phi=2$）,soft_role_decider,网络压制-角色导向(D→拓扑),0.7,11,1.0,0.1047822539083996,0.0,0.36826075130279984,100,491,1,26,0,0,70,32,30,8
strike,打击阶段（固定 $\Phi=2$）,soft_role_decider,网络压制-角色导向(D→拓扑),0.7,17,1.0,0.07746670027325427,0.0,0.3591555667577514,100,496,1,20,0,0,70,32,30,8
strike,打击阶段（固定 $\Phi=2$）,soft_role_decider,网络压制-角色导向(D→拓扑),0.7,23,1.0,0.0788934533647823,0.0,0.3596311511215941,100,536,1,30,0,0,70,31,30,9
strike,打击阶段（固定 $\Phi=2$）,soft_role_decider,网络压制-角色导向(D→拓扑),0.7,29,1.0,0.10031091040316578,0.0,0.3667703034677219,100,491,2,34,0,0,70,30,30,10
strike,打击阶段（固定 $\Phi=2$）,soft_role_decider,网络压制-角色导向(D→拓扑),0.7,35,1.0,0.07730486921889763,0.0,0.35910162307296584,100,525,2,26,0,0,70,28,30,12
strike,打击阶段（固定 $\Phi=2$）,soft_role_decider,网络压制-角色导向(D→拓扑),0.8,11,1.0,0.0648839479519906,0.0,0.35496131598399683,100,491,1,24,0,0,80,36,30,14
strike,打击阶段（固定 $\Phi=2$）,soft_role_decider,网络压制-角色导向(D→拓扑),0.8,17,1.0,0.03176786686157491,0.0,0.3439226222871916,100,496,0,8,0,0,80,38,30,12
strike,打击阶段（固定 $\Phi=2$）,soft_role_decider,网络压制-角色导向(D→拓扑),0.8,23,1.0,0.03620579725284166,0.0,0.34540193241761386,100,536,1,18,0,0,80,36,30,14
strike,打击阶段（固定 $\Phi=2$）,soft_role_decider,网络压制-角色导向(D→拓扑),0.8,29,1.0,0.05870398706637142,0.0,0.3529013290221238,100,491,2,22,0,0,80,37,30,13
strike,打击阶段（固定 $\Phi=2$）,soft_role_decider,网络压制-角色导向(D→拓扑),0.8,35,1.0,0.03194393520104055,0.0,0.3439813117336802,100,525,1,12,0,0,80,35,30,15
strike,打击阶段（固定 $\Phi=2$）,soft_role_decider,网络压制-角色导向(D→拓扑),0.9,11,1.0,0.013384585850707386,0.0,0.3377948619502358,100,491,0,4,0,0,90,43,30,17
strike,打击阶段（固定 $\Phi=2$）,soft_role_decider,网络压制-角色导向(D→拓扑),0.9,17,1.0,0.01149628699774971,0.0,0.3371654289992499,100,496,0,2,0,0,90,44,30,16
strike,打击阶段（固定 $\Phi=2$）,soft_role_decider,网络压制-角色导向(D→拓扑),0.9,23,1.0,0.007891352083163241,0.0,0.33596378402772104,100,536,0,6,0,0,90,41,30,19
strike,打击阶段（固定 $\Phi=2$）,soft_role_decider,网络压制-角色导向(D→拓扑),0.9,29,1.0,0.019297692203332453,0.0,0.3397658974011108,100,491,1,6,0,0,90,43,30,17
strike,打击阶段（固定 $\Phi=2$）,soft_role_decider,网络压制-角色导向(D→拓扑),0.9,35,1.0,0.006726115002111714,0.0,0.33557537166737056,100,525,0,2,0,0,90,43,30,17
strike,打击阶段（固定 $\Phi=2$）,soft_role_decider,网络压制-角色导向(D→拓扑),1.0,11,1.0,0.0,0.0,0.3333333333333333,100,491,0,0,0,0,100,50,30,20
strike,打击阶段（固定 $\Phi=2$）,soft_role_decider,网络压制-角色导向(D→拓扑),1.0,17,1.0,0.0,0.0,0.3333333333333333,100,496,0,0,0,0,100,50,30,20
strike,打击阶段（固定 $\Phi=2$）,soft_role_decider,网络压制-角色导向(D→拓扑),1.0,23,1.0,0.0,0.0,0.3333333333333333,100,536,0,0,0,0,100,50,30,20
strike,打击阶段（固定 $\Phi=2$）,soft_role_decider,网络压制-角色导向(D→拓扑),1.0,29,1.0,0.0,0.0,0.3333333333333333,100,491,0,0,0,0,100,50,30,20
strike,打击阶段（固定 $\Phi=2$）,soft_role_decider,网络压制-角色导向(D→拓扑),1.0,35,1.0,0.0,0.0,0.3333333333333333,100,525,0,0,0,0,100,50,30,20
